year,country,continent,lifeExp,pop,gdpPercap
1952,Afghanistan,Asia,28.801,8425333,779.4453145
1952,Albania,Europe,55.23,1282697,1601.056136
1952,Algeria,Africa,43.077,9279525,2449.008185
1952,Angola,Africa,30.015,4232095,3520.610273
1952,Argentina,Americas,62.485,17876956,5911.315053
1952,Australia,Oceania,69.12,8691212,10039.59564
1952,Austria,Europe,66.8,6927772,6137.076492
1952,Bahrain,Asia,50.939,120447,9867.084765
1952,Bangladesh,Asia,37.484,46886859,684.2441716
1952,Belgium,Europe,68,8730405,8343.105127
1952,Benin,Africa,38.223,1738315,1062.7522
1952,Bolivia,Americas,40.414,2883315,2677.326347
1952,Bosnia and Herzegovina,Europe,53.82,2791000,973.5331948
1952,Botswana,Africa,47.622,442308,851.2411407
1952,Brazil,Americas,50.917,56602560,2108.944355
1952,Bulgaria,Europe,59.6,7274900,2444.286648
1952,Burkina Faso,Africa,31.975,4469979,543.2552413
1952,Burundi,Africa,39.031,2445618,339.2964587
1952,Cambodia,Asia,39.417,4693836,368.4692856
1952,Cameroon,Africa,38.523,5009067,1172.667655
1952,Canada,Americas,68.75,14785584,11367.16112
1952,Central African Republic,Africa,35.463,1291695,1071.310713
1952,Chad,Africa,38.092,2682462,1178.665927
1952,Chile,Americas,54.745,6377619,3939.978789
1952,China,Asia,44,556263527,400.448611
1952,Colombia,Americas,50.643,12350771,2144.115096
1952,Comoros,Africa,40.715,153936,1102.990936
1952,"Congo, Dem. Rep.",Africa,39.143,14100005,780.5423257
1952,"Congo, Rep.",Africa,42.111,854885,2125.621418
1952,Costa Rica,Americas,57.206,926317,2627.009471
1952,Cote d'Ivoire,Africa,40.477,2977019,1388.594732
1952,Croatia,Europe,61.21,3882229,3119.23652
1952,Cuba,Americas,59.421,6007797,5586.53878
1952,Czech Republic,Europe,66.87,9125183,6876.14025
1952,Denmark,Europe,70.78,4334000,9692.385245
1952,Djibouti,Africa,34.812,63149,2669.529475
1952,Dominican Republic,Americas,45.928,2491346,1397.717137
1952,Ecuador,Americas,48.357,3548753,3522.110717
1952,Egypt,Africa,41.893,22223309,1418.822445
1952,El Salvador,Americas,45.262,2042865,3048.3029
1952,Equatorial Guinea,Africa,34.482,216964,375.6431231
1952,Eritrea,Africa,35.928,1438760,328.9405571
1952,Ethiopia,Africa,34.078,20860941,362.1462796
1952,Finland,Europe,66.55,4090500,6424.519071
1952,France,Europe,67.41,42459667,7029.809327
1952,Gabon,Africa,37.003,420702,4293.476475
1952,Gambia,Africa,30,284320,485.2306591
1952,Germany,Europe,67.5,69145952,7144.114393
1952,Ghana,Africa,43.149,5581001,911.2989371
1952,Greece,Europe,65.86,7733250,3530.690067
1952,Guatemala,Americas,42.023,3146381,2428.237769
1952,Guinea,Africa,33.609,2664249,510.1964923
1952,Guinea-Bissau,Africa,32.5,580653,299.850319
1952,Haiti,Americas,37.579,3201488,1840.366939
1952,Honduras,Americas,41.912,1517453,2194.926204
1952,"Hong Kong, China",Asia,60.96,2125900,3054.421209
1952,Hungary,Europe,64.03,9504000,5263.673816
1952,Iceland,Europe,72.49,147962,7267.688428
1952,India,Asia,37.373,372000000,546.5657493
1952,Indonesia,Asia,37.468,82052000,749.6816546
1952,Iran,Asia,44.869,17272000,3035.326002
1952,Iraq,Asia,45.32,5441766,4129.766056
1952,Ireland,Europe,66.91,2952156,5210.280328
1952,Israel,Asia,65.39,1620914,4086.522128
1952,Italy,Europe,65.94,47666000,4931.404155
1952,Jamaica,Americas,58.53,1426095,2898.530881
1952,Japan,Asia,63.03,86459025,3216.956347
1952,Jordan,Asia,43.158,607914,1546.907807
1952,Kenya,Africa,42.27,6464046,853.540919
1952,"Korea, Dem. Rep.",Asia,50.056,8865488,1088.277758
1952,"Korea, Rep.",Asia,47.453,20947571,1030.592226
1952,Kuwait,Asia,55.565,160000,108382.3529
1952,Lebanon,Asia,55.928,1439529,4834.804067
1952,Lesotho,Africa,42.138,748747,298.8462121
1952,Liberia,Africa,38.48,863308,575.5729961
1952,Libya,Africa,42.723,1019729,2387.54806
1952,Madagascar,Africa,36.681,4762912,1443.011715
1952,Malawi,Africa,36.256,2917802,369.1650802
1952,Malaysia,Asia,48.463,6748378,1831.132894
1952,Mali,Africa,33.685,3838168,452.3369807
1952,Mauritania,Africa,40.543,1022556,743.1159097
1952,Mauritius,Africa,50.986,516556,1967.955707
1952,Mexico,Americas,50.789,30144317,3478.125529
1952,Mongolia,Asia,42.244,800663,786.5668575
1952,Montenegro,Europe,59.164,413834,2647.585601
1952,Morocco,Africa,42.873,9939217,1688.20357
1952,Mozambique,Africa,31.286,6446316,468.5260381
1952,Myanmar,Asia,36.319,20092996,331
1952,Namibia,Africa,41.725,485831,2423.780443
1952,Nepal,Asia,36.157,9182536,545.8657229
1952,Netherlands,Europe,72.13,10381988,8941.571858
1952,New Zealand,Oceania,69.39,1994794,10556.57566
1952,Nicaragua,Americas,42.314,1165790,3112.363948
1952,Niger,Africa,37.444,3379468,761.879376
1952,Nigeria,Africa,36.324,33119096,1077.281856
1952,Norway,Europe,72.67,3327728,10095.42172
1952,Oman,Asia,37.578,507833,1828.230307
1952,Pakistan,Asia,43.436,41346560,684.5971438
1952,Panama,Americas,55.191,940080,2480.380334
1952,Paraguay,Americas,62.649,1555876,1952.308701
1952,Peru,Americas,43.902,8025700,3758.523437
1952,Philippines,Asia,47.752,22438691,1272.880995
1952,Poland,Europe,61.31,25730551,4029.329699
1952,Portugal,Europe,59.82,8526050,3068.319867
1952,Puerto Rico,Americas,64.28,2227000,3081.959785
1952,Reunion,Africa,52.724,257700,2718.885295
1952,Romania,Europe,61.05,16630000,3144.613186
1952,Rwanda,Africa,40,2534927,493.3238752
1952,Sao Tome and Principe,Africa,46.471,60011,879.5835855
1952,Saudi Arabia,Asia,39.875,4005677,6459.554823
1952,Senegal,Africa,37.278,2755589,1450.356983
1952,Serbia,Europe,57.996,6860147,3581.459448
1952,Sierra Leone,Africa,30.331,2143249,879.7877358
1952,Singapore,Asia,60.396,1127000,2315.138227
1952,Slovak Republic,Europe,64.36,3558137,5074.659104
1952,Slovenia,Europe,65.57,1489518,4215.041741
1952,Somalia,Africa,32.978,2526994,1135.749842
1952,South Africa,Africa,45.009,14264935,4725.295531
1952,Spain,Europe,64.94,28549870,3834.034742
1952,Sri Lanka,Asia,57.593,7982342,1083.53203
1952,Sudan,Africa,38.635,8504667,1615.991129
1952,Swaziland,Africa,41.407,290243,1148.376626
1952,Sweden,Europe,71.86,7124673,8527.844662
1952,Switzerland,Europe,69.62,4815000,14734.23275
1952,Syria,Asia,45.883,3661549,1643.485354
1952,Taiwan,Asia,58.5,8550362,1206.947913
1952,Tanzania,Africa,41.215,8322925,716.6500721
1952,Thailand,Asia,50.848,21289402,757.7974177
1952,Togo,Africa,38.596,1219113,859.8086567
1952,Trinidad and Tobago,Americas,59.1,662850,3023.271928
1952,Tunisia,Africa,44.6,3647735,1468.475631
1952,Turkey,Europe,43.585,22235677,1969.10098
1952,Uganda,Africa,39.978,5824797,734.753484
1952,United Kingdom,Europe,69.18,50430000,9979.508487
1952,United States,Americas,68.44,157553000,13990.48208
1952,Uruguay,Americas,66.071,2252965,5716.766744
1952,Venezuela,Americas,55.088,5439568,7689.799761
1952,Vietnam,Asia,40.412,26246839,605.0664917
1952,West Bank and Gaza,Asia,43.16,1030585,1515.592329
1952,"Yemen, Rep.",Asia,32.548,4963829,781.7175761
1952,Zambia,Africa,42.038,2672000,1147.388831
1952,Zimbabwe,Africa,48.451,3080907,406.8841148
1957,Afghanistan,Asia,30.332,9240934,820.8530296
1957,Albania,Europe,59.28,1476505,1942.284244
1957,Algeria,Africa,45.685,10270856,3013.976023
1957,Angola,Africa,31.999,4561361,3827.940465
1957,Argentina,Americas,64.399,19610538,6856.856212
1957,Australia,Oceania,70.33,9712569,10949.64959
1957,Austria,Europe,67.48,6965860,8842.59803
1957,Bahrain,Asia,53.832,138655,11635.79945
1957,Bangladesh,Asia,39.348,51365468,661.6374577
1957,Belgium,Europe,69.24,8989111,9714.960623
1957,Benin,Africa,40.358,1925173,959.6010805
1957,Bolivia,Americas,41.89,3211738,2127.686326
1957,Bosnia and Herzegovina,Europe,58.45,3076000,1353.989176
1957,Botswana,Africa,49.618,474639,918.2325349
1957,Brazil,Americas,53.285,65551171,2487.365989
1957,Bulgaria,Europe,66.61,7651254,3008.670727
1957,Burkina Faso,Africa,34.906,4713416,617.1834648
1957,Burundi,Africa,40.533,2667518,379.5646281
1957,Cambodia,Asia,41.366,5322536,434.0383364
1957,Cameroon,Africa,40.428,5359923,1313.048099
1957,Canada,Americas,69.96,17010154,12489.95006
1957,Central African Republic,Africa,37.464,1392284,1190.844328
1957,Chad,Africa,39.881,2894855,1308.495577
1957,Chile,Americas,56.074,7048426,4315.622723
1957,China,Asia,50.54896,637408000,575.9870009
1957,Colombia,Americas,55.118,14485993,2323.805581
1957,Comoros,Africa,42.46,170928,1211.148548
1957,"Congo, Dem. Rep.",Africa,40.652,15577932,905.8602303
1957,"Congo, Rep.",Africa,45.053,940458,2315.056572
1957,Costa Rica,Americas,60.026,1112300,2990.010802
1957,Cote d'Ivoire,Africa,42.469,3300000,1500.895925
1957,Croatia,Europe,64.77,3991242,4338.231617
1957,Cuba,Americas,62.325,6640752,6092.174359
1957,Czech Republic,Europe,69.03,9513758,8256.343918
1957,Denmark,Europe,71.81,4487831,11099.65935
1957,Djibouti,Africa,37.328,71851,2864.969076
1957,Dominican Republic,Americas,49.828,2923186,1544.402995
1957,Ecuador,Americas,51.356,4058385,3780.546651
1957,Egypt,Africa,44.444,25009741,1458.915272
1957,El Salvador,Americas,48.57,2355805,3421.523218
1957,Equatorial Guinea,Africa,35.983,232922,426.0964081
1957,Eritrea,Africa,38.047,1542611,344.1618859
1957,Ethiopia,Africa,36.667,22815614,378.9041632
1957,Finland,Europe,67.49,4324000,7545.415386
1957,France,Europe,68.93,44310863,8662.834898
1957,Gabon,Africa,38.999,434904,4976.198099
1957,Gambia,Africa,32.065,323150,520.9267111
1957,Germany,Europe,69.1,71019069,10187.82665
1957,Ghana,Africa,44.779,6391288,1043.561537
1957,Greece,Europe,67.86,8096218,4916.299889
1957,Guatemala,Americas,44.142,3640876,2617.155967
1957,Guinea,Africa,34.558,2876726,576.2670245
1957,Guinea-Bissau,Africa,33.489,601095,431.7904566
1957,Haiti,Americas,40.696,3507701,1726.887882
1957,Honduras,Americas,44.665,1770390,2220.487682
1957,"Hong Kong, China",Asia,64.75,2736300,3629.076457
1957,Hungary,Europe,66.41,9839000,6040.180011
1957,Iceland,Europe,73.47,165110,9244.001412
1957,India,Asia,40.249,409000000,590.061996
1957,Indonesia,Asia,39.918,90124000,858.9002707
1957,Iran,Asia,47.181,19792000,3290.257643
1957,Iraq,Asia,48.437,6248643,6229.333562
1957,Ireland,Europe,68.9,2878220,5599.077872
1957,Israel,Asia,67.84,1944401,5385.278451
1957,Italy,Europe,67.81,49182000,6248.656232
1957,Jamaica,Americas,62.61,1535090,4756.525781
1957,Japan,Asia,65.5,91563009,4317.694365
1957,Jordan,Asia,45.669,746559,1886.080591
1957,Kenya,Africa,44.686,7454779,944.4383152
1957,"Korea, Dem. Rep.",Asia,54.081,9411381,1571.134655
1957,"Korea, Rep.",Asia,52.681,22611552,1487.593537
1957,Kuwait,Asia,58.033,212846,113523.1329
1957,Lebanon,Asia,59.489,1647412,6089.786934
1957,Lesotho,Africa,45.047,813338,335.9971151
1957,Liberia,Africa,39.486,975950,620.9699901
1957,Libya,Africa,45.289,1201578,3448.284395
1957,Madagascar,Africa,38.865,5181679,1589.20275
1957,Malawi,Africa,37.207,3221238,416.3698064
1957,Malaysia,Asia,52.102,7739235,1810.066992
1957,Mali,Africa,35.307,4241884,490.3821867
1957,Mauritania,Africa,42.338,1076852,846.1202613
1957,Mauritius,Africa,58.089,609816,2034.037981
1957,Mexico,Americas,55.19,35015548,4131.546641
1957,Mongolia,Asia,45.248,882134,912.6626085
1957,Montenegro,Europe,61.448,442829,3682.259903
1957,Morocco,Africa,45.423,11406350,1642.002314
1957,Mozambique,Africa,33.779,7038035,495.5868333
1957,Myanmar,Asia,41.905,21731844,350
1957,Namibia,Africa,45.226,548080,2621.448058
1957,Nepal,Asia,37.686,9682338,597.9363558
1957,Netherlands,Europe,72.99,11026383,11276.19344
1957,New Zealand,Oceania,70.26,2229407,12247.39532
1957,Nicaragua,Americas,45.432,1358828,3457.415947
1957,Niger,Africa,38.598,3692184,835.5234025
1957,Nigeria,Africa,37.802,37173340,1100.592563
1957,Norway,Europe,73.44,3491938,11653.97304
1957,Oman,Asia,40.08,561977,2242.746551
1957,Pakistan,Asia,45.557,46679944,747.0835292
1957,Panama,Americas,59.201,1063506,2961.800905
1957,Paraguay,Americas,63.196,1770902,2046.154706
1957,Peru,Americas,46.263,9146100,4245.256698
1957,Philippines,Asia,51.334,26072194,1547.944844
1957,Poland,Europe,65.77,28235346,4734.253019
1957,Portugal,Europe,61.51,8817650,3774.571743
1957,Puerto Rico,Americas,68.54,2260000,3907.156189
1957,Reunion,Africa,55.09,308700,2769.451844
1957,Romania,Europe,64.1,17829327,3943.370225
1957,Rwanda,Africa,41.5,2822082,540.2893983
1957,Sao Tome and Principe,Africa,48.945,61325,860.7369026
1957,Saudi Arabia,Asia,42.868,4419650,8157.591248
1957,Senegal,Africa,39.329,3054547,1567.653006
1957,Serbia,Europe,61.685,7271135,4981.090891
1957,Sierra Leone,Africa,31.57,2295678,1004.484437
1957,Singapore,Asia,63.179,1445929,2843.104409
1957,Slovak Republic,Europe,67.45,3844277,6093.26298
1957,Slovenia,Europe,67.85,1533070,5862.276629
1957,Somalia,Africa,34.977,2780415,1258.147413
1957,South Africa,Africa,47.985,16151549,5487.104219
1957,Spain,Europe,66.66,29841614,4564.80241
1957,Sri Lanka,Asia,61.456,9128546,1072.546602
1957,Sudan,Africa,39.624,9753392,1770.337074
1957,Swaziland,Africa,43.424,326741,1244.708364
1957,Sweden,Europe,72.49,7363802,9911.878226
1957,Switzerland,Europe,70.56,5126000,17909.48973
1957,Syria,Asia,48.284,4149908,2117.234893
1957,Taiwan,Asia,62.4,10164215,1507.86129
1957,Tanzania,Africa,42.974,9452826,698.5356073
1957,Thailand,Asia,53.63,25041917,793.5774148
1957,Togo,Africa,41.208,1357445,925.9083202
1957,Trinidad and Tobago,Americas,61.8,764900,4100.3934
1957,Tunisia,Africa,47.1,3950849,1395.232468
1957,Turkey,Europe,48.079,25670939,2218.754257
1957,Uganda,Africa,42.571,6675501,774.3710692
1957,United Kingdom,Europe,70.42,51430000,11283.17795
1957,United States,Americas,69.49,171984000,14847.12712
1957,Uruguay,Americas,67.044,2424959,6150.772969
1957,Venezuela,Americas,57.907,6702668,9802.466526
1957,Vietnam,Asia,42.887,28998543,676.2854478
1957,West Bank and Gaza,Asia,45.671,1070439,1827.067742
1957,"Yemen, Rep.",Asia,33.97,5498090,804.8304547
1957,Zambia,Africa,44.077,3016000,1311.956766
1957,Zimbabwe,Africa,50.469,3646340,518.7642681
1962,Afghanistan,Asia,31.997,10267083,853.10071
1962,Albania,Europe,64.82,1728137,2312.888958
1962,Algeria,Africa,48.303,11000948,2550.81688
1962,Angola,Africa,34,4826015,4269.276742
1962,Argentina,Americas,65.142,21283783,7133.166023
1962,Australia,Oceania,70.93,10794968,12217.22686
1962,Austria,Europe,69.54,7129864,10750.72111
1962,Bahrain,Asia,56.923,171863,12753.27514
1962,Bangladesh,Asia,41.216,56839289,686.3415538
1962,Belgium,Europe,70.25,9218400,10991.20676
1962,Benin,Africa,42.618,2151895,949.4990641
1962,Bolivia,Americas,43.428,3593918,2180.972546
1962,Bosnia and Herzegovina,Europe,61.93,3349000,1709.683679
1962,Botswana,Africa,51.52,512764,983.6539764
1962,Brazil,Americas,55.665,76039390,3336.585802
1962,Bulgaria,Europe,69.51,8012946,4254.337839
1962,Burkina Faso,Africa,37.814,4919632,722.5120206
1962,Burundi,Africa,42.045,2961915,355.2032273
1962,Cambodia,Asia,43.415,6083619,496.9136476
1962,Cameroon,Africa,42.643,5793633,1399.607441
1962,Canada,Americas,71.3,18985849,13462.48555
1962,Central African Republic,Africa,39.475,1523478,1193.068753
1962,Chad,Africa,41.716,3150417,1389.817618
1962,Chile,Americas,57.924,7961258,4519.094331
1962,China,Asia,44.50136,665770000,487.6740183
1962,Colombia,Americas,57.863,17009885,2492.351109
1962,Comoros,Africa,44.467,191689,1406.648278
1962,"Congo, Dem. Rep.",Africa,42.122,17486434,896.3146335
1962,"Congo, Rep.",Africa,48.435,1047924,2464.783157
1962,Costa Rica,Americas,62.842,1345187,3460.937025
1962,Cote d'Ivoire,Africa,44.93,3832408,1728.869428
1962,Croatia,Europe,67.13,4076557,5477.890018
1962,Cuba,Americas,65.246,7254373,5180.75591
1962,Czech Republic,Europe,69.9,9620282,10136.86713
1962,Denmark,Europe,72.35,4646899,13583.31351
1962,Djibouti,Africa,39.693,89898,3020.989263
1962,Dominican Republic,Americas,53.459,3453434,1662.137359
1962,Ecuador,Americas,54.64,4681707,4086.114078
1962,Egypt,Africa,46.992,28173309,1693.335853
1962,El Salvador,Americas,52.307,2747687,3776.803627
1962,Equatorial Guinea,Africa,37.485,249220,582.8419714
1962,Eritrea,Africa,40.158,1666618,380.9958433
1962,Ethiopia,Africa,40.059,25145372,419.4564161
1962,Finland,Europe,68.75,4491443,9371.842561
1962,France,Europe,70.51,47124000,10560.48553
1962,Gabon,Africa,40.489,455661,6631.459222
1962,Gambia,Africa,33.896,374020,599.650276
1962,Germany,Europe,70.3,73739117,12902.46291
1962,Ghana,Africa,46.452,7355248,1190.041118
1962,Greece,Europe,69.51,8448233,6017.190733
1962,Guatemala,Americas,46.954,4208858,2750.364446
1962,Guinea,Africa,35.753,3140003,686.3736739
1962,Guinea-Bissau,Africa,34.488,627820,522.0343725
1962,Haiti,Americas,43.59,3880130,1796.589032
1962,Honduras,Americas,48.041,2090162,2291.156835
1962,"Hong Kong, China",Asia,67.65,3305200,4692.648272
1962,Hungary,Europe,67.96,10063000,7550.359877
1962,Iceland,Europe,73.68,182053,10350.15906
1962,India,Asia,43.605,454000000,658.3471509
1962,Indonesia,Asia,42.518,99028000,849.2897701
1962,Iran,Asia,49.325,22874000,4187.329802
1962,Iraq,Asia,51.457,7240260,8341.737815
1962,Ireland,Europe,70.29,2830000,6631.597314
1962,Israel,Asia,69.39,2310904,7105.630706
1962,Italy,Europe,69.24,50843200,8243.58234
1962,Jamaica,Americas,65.61,1665128,5246.107524
1962,Japan,Asia,68.73,95831757,6576.649461
1962,Jordan,Asia,48.126,933559,2348.009158
1962,Kenya,Africa,47.949,8678557,896.9663732
1962,"Korea, Dem. Rep.",Asia,56.656,10917494,1621.693598
1962,"Korea, Rep.",Asia,55.292,26420307,1536.344387
1962,Kuwait,Asia,60.47,358266,95458.11176
1962,Lebanon,Asia,62.094,1886848,5714.560611
1962,Lesotho,Africa,47.747,893143,411.8006266
1962,Liberia,Africa,40.502,1112796,634.1951625
1962,Libya,Africa,47.808,1441863,6757.030816
1962,Madagascar,Africa,40.848,5703324,1643.38711
1962,Malawi,Africa,38.41,3628608,427.9010856
1962,Malaysia,Asia,55.737,8906385,2036.884944
1962,Mali,Africa,36.936,4690372,496.1743428
1962,Mauritania,Africa,44.248,1146757,1055.896036
1962,Mauritius,Africa,60.246,701016,2529.067487
1962,Mexico,Americas,58.299,41121485,4581.609385
1962,Mongolia,Asia,48.251,1010280,1056.353958
1962,Montenegro,Europe,63.728,474528,4649.593785
1962,Morocco,Africa,47.924,13056604,1566.353493
1962,Mozambique,Africa,36.161,7788944,556.6863539
1962,Myanmar,Asia,45.108,23634436,388
1962,Namibia,Africa,48.386,621392,3173.215595
1962,Nepal,Asia,39.393,10332057,652.3968593
1962,Netherlands,Europe,73.23,11805689,12790.84956
1962,New Zealand,Oceania,71.24,2488550,13175.678
1962,Nicaragua,Americas,48.632,1590597,3634.364406
1962,Niger,Africa,39.487,4076008,997.7661127
1962,Nigeria,Africa,39.36,41871351,1150.927478
1962,Norway,Europe,73.47,3638919,13450.40151
1962,Oman,Asia,43.165,628164,2924.638113
1962,Pakistan,Asia,47.67,53100671,803.3427418
1962,Panama,Americas,61.817,1215725,3536.540301
1962,Paraguay,Americas,64.361,2009813,2148.027146
1962,Peru,Americas,49.096,10516500,4957.037982
1962,Philippines,Asia,54.757,30325264,1649.552153
1962,Poland,Europe,67.64,30329617,5338.752143
1962,Portugal,Europe,64.39,9019800,4727.954889
1962,Puerto Rico,Americas,69.62,2448046,5108.34463
1962,Reunion,Africa,57.666,358900,3173.72334
1962,Romania,Europe,66.8,18680721,4734.997586
1962,Rwanda,Africa,43,3051242,597.4730727
1962,Sao Tome and Principe,Africa,51.893,65345,1071.551119
1962,Saudi Arabia,Asia,45.914,4943029,11626.41975
1962,Senegal,Africa,41.454,3430243,1654.988723
1962,Serbia,Europe,64.531,7616060,6289.629157
1962,Sierra Leone,Africa,32.767,2467895,1116.639877
1962,Singapore,Asia,65.798,1750200,3674.735572
1962,Slovak Republic,Europe,70.33,4237384,7481.107598
1962,Slovenia,Europe,69.15,1582962,7402.303395
1962,Somalia,Africa,36.981,3080153,1369.488336
1962,South Africa,Africa,49.951,18356657,5768.729717
1962,Spain,Europe,69.69,31158061,5693.843879
1962,Sri Lanka,Asia,62.192,10421936,1074.47196
1962,Sudan,Africa,40.87,11183227,1959.593767
1962,Swaziland,Africa,44.992,370006,1856.182125
1962,Sweden,Europe,73.37,7561588,12329.44192
1962,Switzerland,Europe,71.32,5666000,20431.0927
1962,Syria,Asia,50.305,4834621,2193.037133
1962,Taiwan,Asia,65.2,11918938,1822.879028
1962,Tanzania,Africa,44.246,10863958,722.0038073
1962,Thailand,Asia,56.061,29263397,1002.199172
1962,Togo,Africa,43.922,1528098,1067.53481
1962,Trinidad and Tobago,Americas,64.9,887498,4997.523971
1962,Tunisia,Africa,49.579,4286552,1660.30321
1962,Turkey,Europe,52.098,29788695,2322.869908
1962,Uganda,Africa,45.344,7688797,767.2717398
1962,United Kingdom,Europe,70.76,53292000,12477.17707
1962,United States,Americas,70.21,186538000,16173.14586
1962,Uruguay,Americas,68.253,2598466,5603.357717
1962,Venezuela,Americas,60.77,8143375,8422.974165
1962,Vietnam,Asia,45.363,33796140,772.0491602
1962,West Bank and Gaza,Asia,48.127,1133134,2198.956312
1962,"Yemen, Rep.",Asia,35.18,6120081,825.6232006
1962,Zambia,Africa,46.023,3421000,1452.725766
1962,Zimbabwe,Africa,52.358,4277736,527.2721818
1967,Afghanistan,Asia,34.02,11537966,836.1971382
1967,Albania,Europe,66.22,1984060,2760.196931
1967,Algeria,Africa,51.407,12760499,3246.991771
1967,Angola,Africa,35.985,5247469,5522.776375
1967,Argentina,Americas,65.634,22934225,8052.953021
1967,Australia,Oceania,71.1,11872264,14526.12465
1967,Austria,Europe,70.14,7376998,12834.6024
1967,Bahrain,Asia,59.923,202182,14804.6727
1967,Bangladesh,Asia,43.453,62821884,721.1860862
1967,Belgium,Europe,70.94,9556500,13149.04119
1967,Benin,Africa,44.885,2427334,1035.831411
1967,Bolivia,Americas,45.032,4040665,2586.886053
1967,Bosnia and Herzegovina,Europe,64.79,3585000,2172.352423
1967,Botswana,Africa,53.298,553541,1214.709294
1967,Brazil,Americas,57.632,88049823,3429.864357
1967,Bulgaria,Europe,70.42,8310226,5577.0028
1967,Burkina Faso,Africa,40.697,5127935,794.8265597
1967,Burundi,Africa,43.548,3330989,412.9775136
1967,Cambodia,Asia,45.415,6960067,523.4323142
1967,Cameroon,Africa,44.799,6335506,1508.453148
1967,Canada,Americas,72.13,20819767,16076.58803
1967,Central African Republic,Africa,41.478,1733638,1136.056615
1967,Chad,Africa,43.601,3495967,1196.810565
1967,Chile,Americas,60.523,8858908,5106.654313
1967,China,Asia,58.38112,754550000,612.7056934
1967,Colombia,Americas,59.963,19764027,2678.729839
1967,Comoros,Africa,46.472,217378,1876.029643
1967,"Congo, Dem. Rep.",Africa,44.056,19941073,861.5932424
1967,"Congo, Rep.",Africa,52.04,1179760,2677.939642
1967,Costa Rica,Americas,65.424,1588717,4161.727834
1967,Cote d'Ivoire,Africa,47.35,4744870,2052.050473
1967,Croatia,Europe,68.5,4174366,6960.297861
1967,Cuba,Americas,68.29,8139332,5690.268015
1967,Czech Republic,Europe,70.38,9835109,11399.44489
1967,Denmark,Europe,72.96,4838800,15937.21123
1967,Djibouti,Africa,42.074,127617,3020.050513
1967,Dominican Republic,Americas,56.751,4049146,1653.723003
1967,Ecuador,Americas,56.678,5432424,4579.074215
1967,Egypt,Africa,49.293,31681188,1814.880728
1967,El Salvador,Americas,55.855,3232927,4358.595393
1967,Equatorial Guinea,Africa,38.987,259864,915.5960025
1967,Eritrea,Africa,42.189,1820319,468.7949699
1967,Ethiopia,Africa,42.115,27860297,516.1186438
1967,Finland,Europe,69.83,4605744,10921.63626
1967,France,Europe,71.55,49569000,12999.91766
1967,Gabon,Africa,44.598,489004,8358.761987
1967,Gambia,Africa,35.857,439593,734.7829124
1967,Germany,Europe,70.8,76368453,14745.62561
1967,Ghana,Africa,48.072,8490213,1125.69716
1967,Greece,Europe,71,8716441,8513.097016
1967,Guatemala,Americas,50.016,4690773,3242.531147
1967,Guinea,Africa,37.197,3451418,708.7595409
1967,Guinea-Bissau,Africa,35.492,601287,715.5806402
1967,Haiti,Americas,46.243,4318137,1452.057666
1967,Honduras,Americas,50.924,2500689,2538.269358
1967,"Hong Kong, China",Asia,70,3722800,6197.962814
1967,Hungary,Europe,69.5,10223422,9326.64467
1967,Iceland,Europe,73.73,198676,13319.89568
1967,India,Asia,47.193,506000000,700.7706107
1967,Indonesia,Asia,45.964,109343000,762.4317721
1967,Iran,Asia,52.469,26538000,5906.731805
1967,Iraq,Asia,54.459,8519282,8931.459811
1967,Ireland,Europe,71.08,2900100,7655.568963
1967,Israel,Asia,70.75,2693585,8393.741404
1967,Italy,Europe,71.06,52667100,10022.40131
1967,Jamaica,Americas,67.51,1861096,6124.703451
1967,Japan,Asia,71.43,100825279,9847.788607
1967,Jordan,Asia,51.629,1255058,2741.796252
1967,Kenya,Africa,50.654,10191512,1056.736457
1967,"Korea, Dem. Rep.",Asia,59.942,12617009,2143.540609
1967,"Korea, Rep.",Asia,57.716,30131000,2029.228142
1967,Kuwait,Asia,64.624,575003,80894.88326
1967,Lebanon,Asia,63.87,2186894,6006.983042
1967,Lesotho,Africa,48.492,996380,498.6390265
1967,Liberia,Africa,41.536,1279406,713.6036483
1967,Libya,Africa,50.227,1759224,18772.75169
1967,Madagascar,Africa,42.881,6334556,1634.047282
1967,Malawi,Africa,39.487,4147252,495.5147806
1967,Malaysia,Asia,59.371,10154878,2277.742396
1967,Mali,Africa,38.487,5212416,545.0098873
1967,Mauritania,Africa,46.289,1230542,1421.145193
1967,Mauritius,Africa,61.557,789309,2475.387562
1967,Mexico,Americas,60.11,47995559,5754.733883
1967,Mongolia,Asia,51.253,1149500,1226.04113
1967,Montenegro,Europe,67.178,501035,5907.850937
1967,Morocco,Africa,50.335,14770296,1711.04477
1967,Mozambique,Africa,38.113,8680909,566.6691539
1967,Myanmar,Asia,49.379,25870271,349
1967,Namibia,Africa,51.159,706640,3793.694753
1967,Nepal,Asia,41.472,11261690,676.4422254
1967,Netherlands,Europe,73.82,12596822,15363.25136
1967,New Zealand,Oceania,71.52,2728150,14463.91893
1967,Nicaragua,Americas,51.884,1865490,4643.393534
1967,Niger,Africa,40.118,4534062,1054.384891
1967,Nigeria,Africa,41.04,47287752,1014.514104
1967,Norway,Europe,74.08,3786019,16361.87647
1967,Oman,Asia,46.988,714775,4720.942687
1967,Pakistan,Asia,49.8,60641899,942.4082588
1967,Panama,Americas,64.071,1405486,4421.009084
1967,Paraguay,Americas,64.951,2287985,2299.376311
1967,Peru,Americas,51.445,12132200,5788.09333
1967,Philippines,Asia,56.393,35356600,1814.12743
1967,Poland,Europe,69.61,31785378,6557.152776
1967,Portugal,Europe,66.6,9103000,6361.517993
1967,Puerto Rico,Americas,71.1,2648961,6929.277714
1967,Reunion,Africa,60.542,414024,4021.175739
1967,Romania,Europe,66.8,19284814,6470.866545
1967,Rwanda,Africa,44.1,3451079,510.9637142
1967,Sao Tome and Principe,Africa,54.425,70787,1384.840593
1967,Saudi Arabia,Asia,49.901,5618198,16903.04886
1967,Senegal,Africa,43.563,3965841,1612.404632
1967,Serbia,Europe,66.914,7971222,7991.707066
1967,Sierra Leone,Africa,34.113,2662190,1206.043465
1967,Singapore,Asia,67.946,1977600,4977.41854
1967,Slovak Republic,Europe,70.98,4442238,8412.902397
1967,Slovenia,Europe,69.18,1646912,9405.489397
1967,Somalia,Africa,38.977,3428839,1284.73318
1967,South Africa,Africa,51.927,20997321,7114.477971
1967,Spain,Europe,71.44,32850275,7993.512294
1967,Sri Lanka,Asia,64.266,11737396,1135.514326
1967,Sudan,Africa,42.858,12716129,1687.997641
1967,Swaziland,Africa,46.633,420690,2613.101665
1967,Sweden,Europe,74.16,7867931,15258.29697
1967,Switzerland,Europe,72.77,6063000,22966.14432
1967,Syria,Asia,53.655,5680812,1881.923632
1967,Taiwan,Asia,67.5,13648692,2643.858681
1967,Tanzania,Africa,45.757,12607312,848.2186575
1967,Thailand,Asia,58.285,34024249,1295.46066
1967,Togo,Africa,46.769,1735550,1477.59676
1967,Trinidad and Tobago,Americas,65.4,960155,5621.368472
1967,Tunisia,Africa,52.053,4786986,1932.360167
1967,Turkey,Europe,54.336,33411317,2826.356387
1967,Uganda,Africa,48.051,8900294,908.9185217
1967,United Kingdom,Europe,71.36,54959000,14142.85089
1967,United States,Americas,70.76,198712000,19530.36557
1967,Uruguay,Americas,68.468,2748579,5444.61962
1967,Venezuela,Americas,63.479,9709552,9541.474188
1967,Vietnam,Asia,47.838,39463910,637.1232887
1967,West Bank and Gaza,Asia,51.631,1142636,2649.715007
1967,"Yemen, Rep.",Asia,36.984,6740785,862.4421463
1967,Zambia,Africa,47.768,3900000,1777.077318
1967,Zimbabwe,Africa,53.995,4995432,569.7950712
1972,Afghanistan,Asia,36.088,13079460,739.9811058
1972,Albania,Europe,67.69,2263554,3313.422188
1972,Algeria,Africa,54.518,14760787,4182.663766
1972,Angola,Africa,37.928,5894858,5473.288005
1972,Argentina,Americas,67.065,24779799,9443.038526
1972,Australia,Oceania,71.93,13177000,16788.62948
1972,Austria,Europe,70.63,7544201,16661.6256
1972,Bahrain,Asia,63.3,230800,18268.65839
1972,Bangladesh,Asia,45.252,70759295,630.2336265
1972,Belgium,Europe,71.44,9709100,16672.14356
1972,Benin,Africa,47.014,2761407,1085.796879
1972,Bolivia,Americas,46.714,4565872,2980.331339
1972,Bosnia and Herzegovina,Europe,67.45,3819000,2860.16975
1972,Botswana,Africa,56.024,619351,2263.611114
1972,Brazil,Americas,59.504,100840058,4985.711467
1972,Bulgaria,Europe,70.9,8576200,6597.494398
1972,Burkina Faso,Africa,43.591,5433886,854.7359763
1972,Burundi,Africa,44.057,3529983,464.0995039
1972,Cambodia,Asia,40.317,7450606,421.6240257
1972,Cameroon,Africa,47.049,7021028,1684.146528
1972,Canada,Americas,72.88,22284500,18970.57086
1972,Central African Republic,Africa,43.457,1927260,1070.013275
1972,Chad,Africa,45.569,3899068,1104.103987
1972,Chile,Americas,63.441,9717524,5494.024437
1972,China,Asia,63.11888,862030000,676.9000921
1972,Colombia,Americas,61.623,22542890,3264.660041
1972,Comoros,Africa,48.944,250027,1937.577675
1972,"Congo, Dem. Rep.",Africa,45.989,23007669,904.8960685
1972,"Congo, Rep.",Africa,54.907,1340458,3213.152683
1972,Costa Rica,Americas,67.849,1834796,5118.146939
1972,Cote d'Ivoire,Africa,49.801,6071696,2378.201111
1972,Croatia,Europe,69.61,4225310,9164.090127
1972,Cuba,Americas,70.723,8831348,5305.445256
1972,Czech Republic,Europe,70.29,9862158,13108.4536
1972,Denmark,Europe,73.47,4991596,18866.20721
1972,Djibouti,Africa,44.366,178848,3694.212352
1972,Dominican Republic,Americas,59.631,4671329,2189.874499
1972,Ecuador,Americas,58.796,6298651,5280.99471
1972,Egypt,Africa,51.137,34807417,2024.008147
1972,El Salvador,Americas,58.207,3790903,4520.246008
1972,Equatorial Guinea,Africa,40.516,277603,672.4122571
1972,Eritrea,Africa,44.142,2260187,514.3242082
1972,Ethiopia,Africa,43.515,30770372,566.2439442
1972,Finland,Europe,70.87,4639657,14358.8759
1972,France,Europe,72.38,51732000,16107.19171
1972,Gabon,Africa,48.69,537977,11401.94841
1972,Gambia,Africa,38.308,517101,756.0868363
1972,Germany,Europe,71,78717088,18016.18027
1972,Ghana,Africa,49.875,9354120,1178.223708
1972,Greece,Europe,72.34,8888628,12724.82957
1972,Guatemala,Americas,53.738,5149581,4031.408271
1972,Guinea,Africa,38.842,3811387,741.6662307
1972,Guinea-Bissau,Africa,36.486,625361,820.2245876
1972,Haiti,Americas,48.042,4698301,1654.456946
1972,Honduras,Americas,53.884,2965146,2529.842345
1972,"Hong Kong, China",Asia,72,4115700,8315.928145
1972,Hungary,Europe,69.76,10394091,10168.65611
1972,Iceland,Europe,74.46,209275,15798.06362
1972,India,Asia,50.651,567000000,724.032527
1972,Indonesia,Asia,49.203,121282000,1111.107907
1972,Iran,Asia,55.234,30614000,9613.818607
1972,Iraq,Asia,56.95,10061506,9576.037596
1972,Ireland,Europe,71.28,3024400,9530.772896
1972,Israel,Asia,71.63,3095893,12786.93223
1972,Italy,Europe,72.19,54365564,12269.27378
1972,Jamaica,Americas,69,1997616,7433.889293
1972,Japan,Asia,73.42,107188273,14778.78636
1972,Jordan,Asia,56.528,1613551,2110.856309
1972,Kenya,Africa,53.559,12044785,1222.359968
1972,"Korea, Dem. Rep.",Asia,63.983,14781241,3701.621503
1972,"Korea, Rep.",Asia,62.612,33505000,3030.87665
1972,Kuwait,Asia,67.712,841934,109347.867
1972,Lebanon,Asia,65.421,2680018,7486.384341
1972,Lesotho,Africa,49.767,1116779,496.5815922
1972,Liberia,Africa,42.614,1482628,803.0054535
1972,Libya,Africa,52.773,2183877,21011.49721
1972,Madagascar,Africa,44.851,7082430,1748.562982
1972,Malawi,Africa,41.766,4730997,584.6219709
1972,Malaysia,Asia,63.01,11441462,2849.09478
1972,Mali,Africa,39.977,5828158,581.3688761
1972,Mauritania,Africa,48.437,1332786,1586.851781
1972,Mauritius,Africa,62.944,851334,2575.484158
1972,Mexico,Americas,62.361,55984294,6809.40669
1972,Mongolia,Asia,53.754,1320500,1421.741975
1972,Montenegro,Europe,70.636,527678,7778.414017
1972,Morocco,Africa,52.862,16660670,1930.194975
1972,Mozambique,Africa,40.328,9809596,724.9178037
1972,Myanmar,Asia,53.07,28466390,357
1972,Namibia,Africa,53.867,821782,3746.080948
1972,Nepal,Asia,43.971,12412593,674.7881296
1972,Netherlands,Europe,73.75,13329874,18794.74567
1972,New Zealand,Oceania,71.89,2929100,16046.03728
1972,Nicaragua,Americas,55.151,2182908,4688.593267
1972,Niger,Africa,40.546,5060262,954.2092363
1972,Nigeria,Africa,42.821,53740085,1698.388838
1972,Norway,Europe,74.34,3933004,18965.05551
1972,Oman,Asia,52.143,829050,10618.03855
1972,Pakistan,Asia,51.929,69325921,1049.938981
1972,Panama,Americas,66.216,1616384,5364.249663
1972,Paraguay,Americas,65.815,2614104,2523.337977
1972,Peru,Americas,55.448,13954700,5937.827283
1972,Philippines,Asia,58.065,40850141,1989.37407
1972,Poland,Europe,70.85,33039545,8006.506993
1972,Portugal,Europe,69.26,8970450,9022.247417
1972,Puerto Rico,Americas,72.16,2847132,9123.041742
1972,Reunion,Africa,64.274,461633,5047.658563
1972,Romania,Europe,69.21,20662648,8011.414402
1972,Rwanda,Africa,44.6,3992121,590.5806638
1972,Sao Tome and Principe,Africa,56.48,76595,1532.985254
1972,Saudi Arabia,Asia,53.886,6472756,24837.42865
1972,Senegal,Africa,45.815,4588696,1597.712056
1972,Serbia,Europe,68.7,8313288,10522.06749
1972,Sierra Leone,Africa,35.4,2879013,1353.759762
1972,Singapore,Asia,69.521,2152400,8597.756202
1972,Slovak Republic,Europe,70.35,4593433,9674.167626
1972,Slovenia,Europe,69.82,1694510,12383.4862
1972,Somalia,Africa,40.973,3840161,1254.576127
1972,South Africa,Africa,53.696,23935810,7765.962636
1972,Spain,Europe,73.06,34513161,10638.75131
1972,Sri Lanka,Asia,65.042,13016733,1213.39553
1972,Sudan,Africa,45.083,14597019,1659.652775
1972,Swaziland,Africa,49.552,480105,3364.836625
1972,Sweden,Europe,74.72,8122293,17832.02464
1972,Switzerland,Europe,73.78,6401400,27195.11304
1972,Syria,Asia,57.296,6701172,2571.423014
1972,Taiwan,Asia,69.39,15226039,4062.523897
1972,Tanzania,Africa,47.62,14706593,915.9850592
1972,Thailand,Asia,60.405,39276153,1524.358936
1972,Togo,Africa,49.759,2056351,1649.660188
1972,Trinidad and Tobago,Americas,65.9,975199,6619.551419
1972,Tunisia,Africa,55.602,5303507,2753.285994
1972,Turkey,Europe,57.005,37492953,3450.69638
1972,Uganda,Africa,51.016,10190285,950.735869
1972,United Kingdom,Europe,72.01,56079000,15895.11641
1972,United States,Americas,71.34,209896000,21806.03594
1972,Uruguay,Americas,68.673,2829526,5703.408898
1972,Venezuela,Americas,65.712,11515649,10505.25966
1972,Vietnam,Asia,50.254,44655014,699.5016441
1972,West Bank and Gaza,Asia,56.532,1089572,3133.409277
1972,"Yemen, Rep.",Asia,39.848,7407075,1265.047031
1972,Zambia,Africa,50.107,4506497,1773.498265
1972,Zimbabwe,Africa,55.635,5861135,799.3621758
1977,Afghanistan,Asia,38.438,14880372,786.11336
1977,Albania,Europe,68.93,2509048,3533.00391
1977,Algeria,Africa,58.014,17152804,4910.416756
1977,Angola,Africa,39.483,6162675,3008.647355
1977,Argentina,Americas,68.481,26983828,10079.02674
1977,Australia,Oceania,73.49,14074100,18334.19751
1977,Austria,Europe,72.17,7568430,19749.4223
1977,Bahrain,Asia,65.593,297410,19340.10196
1977,Bangladesh,Asia,46.923,80428306,659.8772322
1977,Belgium,Europe,72.8,9821800,19117.97448
1977,Benin,Africa,49.19,3168267,1029.161251
1977,Bolivia,Americas,50.023,5079716,3548.097832
1977,Bosnia and Herzegovina,Europe,69.86,4086000,3528.481305
1977,Botswana,Africa,59.319,781472,3214.857818
1977,Brazil,Americas,61.489,114313951,6660.118654
1977,Bulgaria,Europe,70.81,8797022,7612.240438
1977,Burkina Faso,Africa,46.137,5889574,743.3870368
1977,Burundi,Africa,45.91,3834415,556.1032651
1977,Cambodia,Asia,31.22,6978607,524.9721832
1977,Cameroon,Africa,49.355,7959865,1783.432873
1977,Canada,Americas,74.21,23796400,22090.88306
1977,Central African Republic,Africa,46.775,2167533,1109.374338
1977,Chad,Africa,47.383,4388260,1133.98495
1977,Chile,Americas,67.052,10599793,4756.763836
1977,China,Asia,63.96736,943455000,741.2374699
1977,Colombia,Americas,63.837,25094412,3815.80787
1977,Comoros,Africa,50.939,304739,1172.603047
1977,"Congo, Dem. Rep.",Africa,47.804,26480870,795.757282
1977,"Congo, Rep.",Africa,55.625,1536769,3259.178978
1977,Costa Rica,Americas,70.75,2108457,5926.876967
1977,Cote d'Ivoire,Africa,52.374,7459574,2517.736547
1977,Croatia,Europe,70.64,4318673,11305.38517
1977,Cuba,Americas,72.649,9537988,6380.494966
1977,Czech Republic,Europe,70.71,10161915,14800.16062
1977,Denmark,Europe,74.69,5088419,20422.9015
1977,Djibouti,Africa,46.519,228694,3081.761022
1977,Dominican Republic,Americas,61.788,5302800,2681.9889
1977,Ecuador,Americas,61.31,7278866,6679.62326
1977,Egypt,Africa,53.319,38783863,2785.493582
1977,El Salvador,Americas,56.696,4282586,5138.922374
1977,Equatorial Guinea,Africa,42.024,192675,958.5668124
1977,Eritrea,Africa,44.535,2512642,505.7538077
1977,Ethiopia,Africa,44.51,34617799,556.8083834
1977,Finland,Europe,72.52,4738902,15605.42283
1977,France,Europe,73.83,53165019,18292.63514
1977,Gabon,Africa,52.79,706367,21745.57328
1977,Gambia,Africa,41.842,608274,884.7552507
1977,Germany,Europe,72.5,78160773,20512.92123
1977,Ghana,Africa,51.756,10538093,993.2239571
1977,Greece,Europe,73.68,9308479,14195.52428
1977,Guatemala,Americas,56.029,5703430,4879.992748
1977,Guinea,Africa,40.762,4227026,874.6858643
1977,Guinea-Bissau,Africa,37.465,745228,764.7259628
1977,Haiti,Americas,49.923,4908554,1874.298931
1977,Honduras,Americas,57.402,3055235,3203.208066
1977,"Hong Kong, China",Asia,73.6,4583700,11186.14125
1977,Hungary,Europe,69.95,10637171,11674.83737
1977,Iceland,Europe,76.11,221823,19654.96247
1977,India,Asia,54.208,634000000,813.337323
1977,Indonesia,Asia,52.702,136725000,1382.702056
1977,Iran,Asia,57.702,35480679,11888.59508
1977,Iraq,Asia,60.413,11882916,14688.23507
1977,Ireland,Europe,72.03,3271900,11150.98113
1977,Israel,Asia,73.06,3495918,13306.61921
1977,Italy,Europe,73.48,56059245,14255.98475
1977,Jamaica,Americas,70.11,2156814,6650.195573
1977,Japan,Asia,75.38,113872473,16610.37701
1977,Jordan,Asia,61.134,1937652,2852.351568
1977,Kenya,Africa,56.155,14500404,1267.613204
1977,"Korea, Dem. Rep.",Asia,67.159,16325320,4106.301249
1977,"Korea, Rep.",Asia,64.766,36436000,4657.22102
1977,Kuwait,Asia,69.343,1140357,59265.47714
1977,Lebanon,Asia,66.099,3115787,8659.696836
1977,Lesotho,Africa,52.208,1251524,745.3695408
1977,Liberia,Africa,43.764,1703617,640.3224383
1977,Libya,Africa,57.442,2721783,21951.21176
1977,Madagascar,Africa,46.881,8007166,1544.228586
1977,Malawi,Africa,43.767,5637246,663.2236766
1977,Malaysia,Asia,65.256,12845381,3827.921571
1977,Mali,Africa,41.714,6491649,686.3952693
1977,Mauritania,Africa,50.852,1456688,1497.492223
1977,Mauritius,Africa,64.93,913025,3710.982963
1977,Mexico,Americas,65.032,63759976,7674.929108
1977,Mongolia,Asia,55.491,1528000,1647.511665
1977,Montenegro,Europe,73.066,560073,9595.929905
1977,Morocco,Africa,55.73,18396941,2370.619976
1977,Mozambique,Africa,42.495,11127868,502.3197334
1977,Myanmar,Asia,56.059,31528087,371
1977,Namibia,Africa,56.437,977026,3876.485958
1977,Nepal,Asia,46.748,13933198,694.1124398
1977,Netherlands,Europe,75.24,13852989,21209.0592
1977,New Zealand,Oceania,72.22,3164900,16233.7177
1977,Nicaragua,Americas,57.47,2554598,5486.371089
1977,Niger,Africa,41.291,5682086,808.8970728
1977,Nigeria,Africa,44.514,62209173,1981.951806
1977,Norway,Europe,75.37,4043205,23311.34939
1977,Oman,Asia,57.367,1004533,11848.34392
1977,Pakistan,Asia,54.043,78152686,1175.921193
1977,Panama,Americas,68.681,1839782,5351.912144
1977,Paraguay,Americas,66.353,2984494,3248.373311
1977,Peru,Americas,58.447,15990099,6281.290855
1977,Philippines,Asia,60.06,46850962,2373.204287
1977,Poland,Europe,70.67,34621254,9508.141454
1977,Portugal,Europe,70.41,9662600,10172.48572
1977,Puerto Rico,Americas,73.44,3080828,9770.524921
1977,Reunion,Africa,67.064,492095,4319.804067
1977,Romania,Europe,69.46,21658597,9356.39724
1977,Rwanda,Africa,45,4657072,670.0806011
1977,Sao Tome and Principe,Africa,58.55,86796,1737.561657
1977,Saudi Arabia,Asia,58.69,8128505,34167.7626
1977,Senegal,Africa,48.879,5260855,1561.769116
1977,Serbia,Europe,70.3,8686367,12980.66956
1977,Sierra Leone,Africa,36.788,3140897,1348.285159
1977,Singapore,Asia,70.795,2325300,11210.08948
1977,Slovak Republic,Europe,70.45,4827803,10922.66404
1977,Slovenia,Europe,70.97,1746919,15277.03017
1977,Somalia,Africa,41.974,4353666,1450.992513
1977,South Africa,Africa,55.527,27129932,8028.651439
1977,Spain,Europe,74.39,36439000,13236.92117
1977,Sri Lanka,Asia,65.949,14116836,1348.775651
1977,Sudan,Africa,47.8,17104986,2202.988423
1977,Swaziland,Africa,52.537,551425,3781.410618
1977,Sweden,Europe,75.44,8251648,18855.72521
1977,Switzerland,Europe,75.39,6316424,26982.29052
1977,Syria,Asia,61.195,7932503,3195.484582
1977,Taiwan,Asia,70.59,16785196,5596.519826
1977,Tanzania,Africa,49.919,17129565,962.4922932
1977,Thailand,Asia,62.494,44148285,1961.224635
1977,Togo,Africa,52.887,2308582,1532.776998
1977,Trinidad and Tobago,Americas,68.3,1039009,7899.554209
1977,Tunisia,Africa,59.837,6005061,3120.876811
1977,Turkey,Europe,59.507,42404033,4269.122326
1977,Uganda,Africa,50.35,11457758,843.7331372
1977,United Kingdom,Europe,72.76,56179000,17428.74846
1977,United States,Americas,73.38,220239000,24072.63213
1977,Uruguay,Americas,69.481,2873520,6504.339663
1977,Venezuela,Americas,67.456,13503563,13143.95095
1977,Vietnam,Asia,55.764,50533506,713.5371196
1977,West Bank and Gaza,Asia,60.765,1261091,3682.831494
1977,"Yemen, Rep.",Asia,44.175,8403990,1829.765177
1977,Zambia,Africa,51.386,5216550,1588.688299
1977,Zimbabwe,Africa,57.674,6642107,685.5876821
1982,Afghanistan,Asia,39.854,12881816,978.0114388
1982,Albania,Europe,70.42,2780097,3630.880722
1982,Algeria,Africa,61.368,20033753,5745.160213
1982,Angola,Africa,39.942,7016384,2756.953672
1982,Argentina,Americas,69.942,29341374,8997.897412
1982,Australia,Oceania,74.74,15184200,19477.00928
1982,Austria,Europe,73.18,7574613,21597.08362
1982,Bahrain,Asia,69.052,377967,19211.14731
1982,Bangladesh,Asia,50.009,93074406,676.9818656
1982,Belgium,Europe,73.93,9856303,20979.84589
1982,Benin,Africa,50.904,3641603,1277.897616
1982,Bolivia,Americas,53.859,5642224,3156.510452
1982,Bosnia and Herzegovina,Europe,70.69,4172693,4126.613157
1982,Botswana,Africa,61.484,970347,4551.14215
1982,Brazil,Americas,63.336,128962939,7030.835878
1982,Bulgaria,Europe,71.08,8892098,8224.191647
1982,Burkina Faso,Africa,48.122,6634596,807.1985855
1982,Burundi,Africa,47.471,4580410,559.603231
1982,Cambodia,Asia,50.957,7272485,624.4754784
1982,Cameroon,Africa,52.961,9250831,2367.983282
1982,Canada,Americas,75.76,25201900,22898.79214
1982,Central African Republic,Africa,48.295,2476971,956.7529907
1982,Chad,Africa,49.517,4875118,797.9081006
1982,Chile,Americas,70.565,11487112,5095.665738
1982,China,Asia,65.525,1000281000,962.4213805
1982,Colombia,Americas,66.653,27764644,4397.575659
1982,Comoros,Africa,52.933,348643,1267.100083
1982,"Congo, Dem. Rep.",Africa,47.784,30646495,673.7478181
1982,"Congo, Rep.",Africa,56.695,1774735,4879.507522
1982,Costa Rica,Americas,73.45,2424367,5262.734751
1982,Cote d'Ivoire,Africa,53.983,9025951,2602.710169
1982,Croatia,Europe,70.46,4413368,13221.82184
1982,Cuba,Americas,73.717,9789224,7316.918107
1982,Czech Republic,Europe,70.96,10303704,15377.22855
1982,Denmark,Europe,74.63,5117810,21688.04048
1982,Djibouti,Africa,48.812,305991,2879.468067
1982,Dominican Republic,Americas,63.727,5968349,2861.092386
1982,Ecuador,Americas,64.342,8365850,7213.791267
1982,Egypt,Africa,56.006,45681811,3503.729636
1982,El Salvador,Americas,56.604,4474873,4098.344175
1982,Equatorial Guinea,Africa,43.662,285483,927.8253427
1982,Eritrea,Africa,43.89,2637297,524.8758493
1982,Ethiopia,Africa,44.916,38111756,577.8607471
1982,Finland,Europe,74.55,4826933,18533.15761
1982,France,Europe,74.89,54433565,20293.89746
1982,Gabon,Africa,56.564,753874,15113.36194
1982,Gambia,Africa,45.58,715523,835.8096108
1982,Germany,Europe,73.8,78335266,22031.53274
1982,Ghana,Africa,53.744,11400338,876.032569
1982,Greece,Europe,75.24,9786480,15268.42089
1982,Guatemala,Americas,58.137,6395630,4820.49479
1982,Guinea,Africa,42.891,4710497,857.2503577
1982,Guinea-Bissau,Africa,39.327,825987,838.1239671
1982,Haiti,Americas,51.461,5198399,2011.159549
1982,Honduras,Americas,60.909,3669448,3121.760794
1982,"Hong Kong, China",Asia,75.45,5264500,14560.53051
1982,Hungary,Europe,69.39,10705535,12545.99066
1982,Iceland,Europe,76.99,233997,23269.6075
1982,India,Asia,56.596,708000000,855.7235377
1982,Indonesia,Asia,56.159,153343000,1516.872988
1982,Iran,Asia,59.62,43072751,7608.334602
1982,Iraq,Asia,62.038,14173318,14517.90711
1982,Ireland,Europe,73.1,3480000,12618.32141
1982,Israel,Asia,74.45,3858421,15367.0292
1982,Italy,Europe,74.98,56535636,16537.4835
1982,Jamaica,Americas,71.21,2298309,6068.05135
1982,Japan,Asia,77.11,118454974,19384.10571
1982,Jordan,Asia,63.739,2347031,4161.415959
1982,Kenya,Africa,58.766,17661452,1348.225791
1982,"Korea, Dem. Rep.",Asia,69.1,17647518,4106.525293
1982,"Korea, Rep.",Asia,67.123,39326000,5622.942464
1982,Kuwait,Asia,71.309,1497494,31354.03573
1982,Lebanon,Asia,66.983,3086876,7640.519521
1982,Lesotho,Africa,55.078,1411807,797.2631074
1982,Liberia,Africa,44.852,1956875,572.1995694
1982,Libya,Africa,62.155,3344074,17364.27538
1982,Madagascar,Africa,48.969,9171477,1302.878658
1982,Malawi,Africa,45.642,6502825,632.8039209
1982,Malaysia,Asia,68,14441916,4920.355951
1982,Mali,Africa,43.916,6998256,618.0140641
1982,Mauritania,Africa,53.599,1622136,1481.150189
1982,Mauritius,Africa,66.711,992040,3688.037739
1982,Mexico,Americas,67.405,71640904,9611.147541
1982,Mongolia,Asia,57.489,1756032,2000.603139
1982,Montenegro,Europe,74.101,562548,11222.58762
1982,Morocco,Africa,59.65,20198730,2702.620356
1982,Mozambique,Africa,42.795,12587223,462.2114149
1982,Myanmar,Asia,58.056,34680442,424
1982,Namibia,Africa,58.968,1099010,4191.100511
1982,Nepal,Asia,49.594,15796314,718.3730947
1982,Netherlands,Europe,76.05,14310401,21399.46046
1982,New Zealand,Oceania,73.84,3210650,17632.4104
1982,Nicaragua,Americas,59.298,2979423,3470.338156
1982,Niger,Africa,42.598,6437188,909.7221354
1982,Nigeria,Africa,45.826,73039376,1576.97375
1982,Norway,Europe,75.97,4114787,26298.63531
1982,Oman,Asia,62.728,1301048,12954.79101
1982,Pakistan,Asia,56.158,91462088,1443.429832
1982,Panama,Americas,70.472,2036305,7009.601598
1982,Paraguay,Americas,66.874,3366439,4258.503604
1982,Peru,Americas,61.406,18125129,6434.501797
1982,Philippines,Asia,62.082,53456774,2603.273765
1982,Poland,Europe,71.32,36227381,8451.531004
1982,Portugal,Europe,72.77,9859650,11753.84291
1982,Puerto Rico,Americas,73.75,3279001,10330.98915
1982,Reunion,Africa,69.885,517810,5267.219353
1982,Romania,Europe,69.66,22356726,9605.314053
1982,Rwanda,Africa,46.218,5507565,881.5706467
1982,Sao Tome and Principe,Africa,60.351,98593,1890.218117
1982,Saudi Arabia,Asia,63.012,11254672,33693.17525
1982,Senegal,Africa,52.379,6147783,1518.479984
1982,Serbia,Europe,70.162,9032824,15181.0927
1982,Sierra Leone,Africa,38.445,3464522,1465.010784
1982,Singapore,Asia,71.76,2651869,15169.16112
1982,Slovak Republic,Europe,70.8,5048043,11348.54585
1982,Slovenia,Europe,71.063,1861252,17866.72175
1982,Somalia,Africa,42.955,5828892,1176.807031
1982,South Africa,Africa,58.161,31140029,8568.266228
1982,Spain,Europe,76.3,37983310,13926.16997
1982,Sri Lanka,Asia,68.757,15410151,1648.079789
1982,Sudan,Africa,50.338,20367053,1895.544073
1982,Swaziland,Africa,55.561,649901,3895.384018
1982,Sweden,Europe,76.42,8325260,20667.38125
1982,Switzerland,Europe,76.21,6468126,28397.71512
1982,Syria,Asia,64.59,9410494,3761.837715
1982,Taiwan,Asia,72.16,18501390,7426.354774
1982,Tanzania,Africa,50.608,19844382,874.2426069
1982,Thailand,Asia,64.597,48827160,2393.219781
1982,Togo,Africa,55.471,2644765,1344.577953
1982,Trinidad and Tobago,Americas,68.832,1116479,9119.528607
1982,Tunisia,Africa,64.048,6734098,3560.233174
1982,Turkey,Europe,61.036,47328791,4241.356344
1982,Uganda,Africa,49.849,12939400,682.2662268
1982,United Kingdom,Europe,74.04,56339704,18232.42452
1982,United States,Americas,74.65,232187835,25009.55914
1982,Uruguay,Americas,70.805,2953997,6920.223051
1982,Venezuela,Americas,68.557,15620766,11152.41011
1982,Vietnam,Asia,58.816,56142181,707.2357863
1982,West Bank and Gaza,Asia,64.406,1425876,4336.032082
1982,"Yemen, Rep.",Asia,49.113,9657618,1977.55701
1982,Zambia,Africa,51.821,6100407,1408.678565
1982,Zimbabwe,Africa,60.363,7636524,788.8550411
1987,Afghanistan,Asia,40.822,13867957,852.3959448
1987,Albania,Europe,72,3075321,3738.932735
1987,Algeria,Africa,65.799,23254956,5681.358539
1987,Angola,Africa,39.906,7874230,2430.208311
1987,Argentina,Americas,70.774,31620918,9139.671389
1987,Australia,Oceania,76.32,16257249,21888.88903
1987,Austria,Europe,74.94,7578903,23687.82607
1987,Bahrain,Asia,70.75,454612,18524.02406
1987,Bangladesh,Asia,52.819,103764241,751.9794035
1987,Belgium,Europe,75.35,9870200,22525.56308
1987,Benin,Africa,52.337,4243788,1225.85601
1987,Bolivia,Americas,57.251,6156369,2753.69149
1987,Bosnia and Herzegovina,Europe,71.14,4338977,4314.114757
1987,Botswana,Africa,63.622,1151184,6205.88385
1987,Brazil,Americas,65.205,142938076,7807.095818
1987,Bulgaria,Europe,71.34,8971958,8239.854824
1987,Burkina Faso,Africa,49.557,7586551,912.0631417
1987,Burundi,Africa,48.211,5126023,621.8188189
1987,Cambodia,Asia,53.914,8371791,683.8955732
1987,Cameroon,Africa,54.985,10780667,2602.664206
1987,Canada,Americas,76.86,26549700,26626.51503
1987,Central African Republic,Africa,50.485,2840009,844.8763504
1987,Chad,Africa,51.051,5498955,952.386129
1987,Chile,Americas,72.492,12463354,5547.063754
1987,China,Asia,67.274,1084035000,1378.904018
1987,Colombia,Americas,67.768,30964245,4903.2191
1987,Comoros,Africa,54.926,395114,1315.980812
1987,"Congo, Dem. Rep.",Africa,47.412,35481645,672.774812
1987,"Congo, Rep.",Africa,57.47,2064095,4201.194937
1987,Costa Rica,Americas,74.752,2799811,5629.915318
1987,Cote d'Ivoire,Africa,54.655,10761098,2156.956069
1987,Croatia,Europe,71.52,4484310,13822.58394
1987,Cuba,Americas,74.174,10239839,7532.924763
1987,Czech Republic,Europe,71.58,10311597,16310.4434
1987,Denmark,Europe,74.8,5127024,25116.17581
1987,Djibouti,Africa,50.04,311025,2880.102568
1987,Dominican Republic,Americas,66.046,6655297,2899.842175
1987,Ecuador,Americas,67.231,9545158,6481.776993
1987,Egypt,Africa,59.797,52799062,3885.46071
1987,El Salvador,Americas,63.154,4842194,4140.442097
1987,Equatorial Guinea,Africa,45.664,341244,966.8968149
1987,Eritrea,Africa,46.453,2915959,521.1341333
1987,Ethiopia,Africa,46.684,42999530,573.7413142
1987,Finland,Europe,74.83,4931729,21141.01223
1987,France,Europe,76.34,55630100,22066.44214
1987,Gabon,Africa,60.19,880397,11864.40844
1987,Gambia,Africa,49.265,848406,611.6588611
1987,Germany,Europe,74.847,77718298,24639.18566
1987,Ghana,Africa,55.729,14168101,847.0061135
1987,Greece,Europe,76.67,9974490,16120.52839
1987,Guatemala,Americas,60.782,7326406,4246.485974
1987,Guinea,Africa,45.552,5650262,805.5724718
1987,Guinea-Bissau,Africa,41.245,927524,736.4153921
1987,Haiti,Americas,53.636,5756203,1823.015995
1987,Honduras,Americas,64.492,4372203,3023.096699
1987,"Hong Kong, China",Asia,76.2,5584510,20038.47269
1987,Hungary,Europe,69.58,10612740,12986.47998
1987,Iceland,Europe,77.23,244676,26923.20628
1987,India,Asia,58.553,788000000,976.5126756
1987,Indonesia,Asia,60.137,169276000,1748.356961
1987,Iran,Asia,63.04,51889696,6642.881371
1987,Iraq,Asia,65.044,16543189,11643.57268
1987,Ireland,Europe,74.36,3539900,13872.86652
1987,Israel,Asia,75.6,4203148,17122.47986
1987,Italy,Europe,76.42,56729703,19207.23482
1987,Jamaica,Americas,71.77,2326606,6351.237495
1987,Japan,Asia,78.67,122091325,22375.94189
1987,Jordan,Asia,65.869,2820042,4448.679912
1987,Kenya,Africa,59.339,21198082,1361.936856
1987,"Korea, Dem. Rep.",Asia,70.647,19067554,4106.492315
1987,"Korea, Rep.",Asia,69.81,41622000,8533.088805
1987,Kuwait,Asia,74.174,1891487,28118.42998
1987,Lebanon,Asia,67.926,3089353,5377.091329
1987,Lesotho,Africa,57.18,1599200,773.9932141
1987,Liberia,Africa,46.027,2269414,506.1138573
1987,Libya,Africa,66.234,3799845,11770.5898
1987,Madagascar,Africa,49.35,10568642,1155.441948
1987,Malawi,Africa,47.457,7824747,635.5173634
1987,Malaysia,Asia,69.5,16331785,5249.802653
1987,Mali,Africa,46.364,7634008,684.1715576
1987,Mauritania,Africa,56.145,1841240,1421.603576
1987,Mauritius,Africa,68.74,1042663,4783.586903
1987,Mexico,Americas,69.498,80122492,8688.156003
1987,Mongolia,Asia,60.222,2015133,2338.008304
1987,Montenegro,Europe,74.865,569473,11732.51017
1987,Morocco,Africa,62.677,22987397,2755.046991
1987,Mozambique,Africa,42.861,12891952,389.8761846
1987,Myanmar,Asia,58.339,38028578,385
1987,Namibia,Africa,60.835,1278184,3693.731337
1987,Nepal,Asia,52.537,17917180,775.6324501
1987,Netherlands,Europe,76.83,14665278,23651.32361
1987,New Zealand,Oceania,74.32,3317166,19007.19129
1987,Nicaragua,Americas,62.008,3344353,2955.984375
1987,Niger,Africa,44.555,7332638,668.3000228
1987,Nigeria,Africa,46.886,81551520,1385.029563
1987,Norway,Europe,75.89,4186147,31540.9748
1987,Oman,Asia,67.734,1593882,18115.22313
1987,Pakistan,Asia,58.245,105186881,1704.686583
1987,Panama,Americas,71.523,2253639,7034.779161
1987,Paraguay,Americas,67.378,3886512,3998.875695
1987,Peru,Americas,64.134,20195924,6360.9434440000005
1987,Philippines,Asia,64.151,60017788,2189.634995
1987,Poland,Europe,70.98,37740710,9082.351172
1987,Portugal,Europe,74.06,9915289,13039.30876
1987,Puerto Rico,Americas,74.63,3444468,12281.34191
1987,Reunion,Africa,71.913,562035,5303.377488
1987,Romania,Europe,69.53,22686371,9696.273295
1987,Rwanda,Africa,44.02,6349365,847.991217
1987,Sao Tome and Principe,Africa,61.728,110812,1516.525457
1987,Saudi Arabia,Asia,66.295,14619745,21198.26136
1987,Senegal,Africa,55.769,7171347,1441.72072
1987,Serbia,Europe,71.218,9230783,15870.87851
1987,Sierra Leone,Africa,40.006,3868905,1294.447788
1987,Singapore,Asia,73.56,2794552,18861.53081
1987,Slovak Republic,Europe,71.08,5199318,12037.26758
1987,Slovenia,Europe,72.25,1945870,18678.53492
1987,Somalia,Africa,44.501,6921858,1093.244963
1987,South Africa,Africa,60.834,35933379,7825.823398
1987,Spain,Europe,76.9,38880702,15764.98313
1987,Sri Lanka,Asia,69.011,16495304,1876.766827
1987,Sudan,Africa,51.744,24725960,1507.819159
1987,Swaziland,Africa,57.678,779348,3984.839812
1987,Sweden,Europe,77.19,8421403,23586.92927
1987,Switzerland,Europe,77.41,6649942,30281.70459
1987,Syria,Asia,66.974,11242847,3116.774285
1987,Taiwan,Asia,73.4,19757799,11054.56175
1987,Tanzania,Africa,51.535,23040630,831.8220794
1987,Thailand,Asia,66.084,52910342,2982.653773
1987,Togo,Africa,56.941,3154264,1202.201361
1987,Trinidad and Tobago,Americas,69.582,1191336,7388.597823
1987,Tunisia,Africa,66.894,7724976,3810.419296
1987,Turkey,Europe,63.108,52881328,5089.043686
1987,Uganda,Africa,51.509,15283050,617.7244065
1987,United Kingdom,Europe,75.007,56981620,21664.78767
1987,United States,Americas,75.02,242803533,29884.35041
1987,Uruguay,Americas,71.918,3045153,7452.398969
1987,Venezuela,Americas,70.19,17910182,9883.584648
1987,Vietnam,Asia,62.82,62826491,820.7994449
1987,West Bank and Gaza,Asia,67.046,1691210,5107.197384
1987,"Yemen, Rep.",Asia,52.922,11219340,1971.741538
1987,Zambia,Africa,50.821,7272406,1213.315116
1987,Zimbabwe,Africa,62.351,9216418,706.1573059
1992,Afghanistan,Asia,41.674,16317921,649.3413952
1992,Albania,Europe,71.581,3326498,2497.437901
1992,Algeria,Africa,67.744,26298373,5023.216647
1992,Angola,Africa,40.647,8735988,2627.845685
1992,Argentina,Americas,71.868,33958947,9308.41871
1992,Australia,Oceania,77.56,17481977,23424.76683
1992,Austria,Europe,76.04,7914969,27042.01868
1992,Bahrain,Asia,72.601,529491,19035.57917
1992,Bangladesh,Asia,56.018,113704579,837.8101643
1992,Belgium,Europe,76.46,10045622,25575.57069
1992,Benin,Africa,53.919,4981671,1191.207681
1992,Bolivia,Americas,59.957,6893451,2961.699694
1992,Bosnia and Herzegovina,Europe,72.178,4256013,2546.781445
1992,Botswana,Africa,62.745,1342614,7954.111645
1992,Brazil,Americas,67.057,155975974,6950.283021
1992,Bulgaria,Europe,71.19,8658506,6302.623438
1992,Burkina Faso,Africa,50.26,8878303,931.7527731
1992,Burundi,Africa,44.736,5809236,631.6998778
1992,Cambodia,Asia,55.803,10150094,682.3031755
1992,Cameroon,Africa,54.314,12467171,1793.163278
1992,Canada,Americas,77.95,28523502,26342.88426
1992,Central African Republic,Africa,49.396,3265124,747.9055252
1992,Chad,Africa,51.724,6429417,1058.0643
1992,Chile,Americas,74.126,13572994,7596.125964
1992,China,Asia,68.69,1164970000,1655.784158
1992,Colombia,Americas,68.421,34202721,5444.648617
1992,Comoros,Africa,57.939,454429,1246.90737
1992,"Congo, Dem. Rep.",Africa,45.548,41672143,457.7191807
1992,"Congo, Rep.",Africa,56.433,2409073,4016.239529
1992,Costa Rica,Americas,75.713,3173216,6160.416317
1992,Cote d'Ivoire,Africa,52.044,12772596,1648.073791
1992,Croatia,Europe,72.527,4494013,8447.794873
1992,Cuba,Americas,74.414,10723260,5592.843963
1992,Czech Republic,Europe,72.4,10315702,14297.02122
1992,Denmark,Europe,75.33,5171393,26406.73985
1992,Djibouti,Africa,51.604,384156,2377.156192
1992,Dominican Republic,Americas,68.457,7351181,3044.214214
1992,Ecuador,Americas,69.613,10748394,7103.702595
1992,Egypt,Africa,63.674,59402198,3794.755195
1992,El Salvador,Americas,66.798,5274649,4444.2317
1992,Equatorial Guinea,Africa,47.545,387838,1132.055034
1992,Eritrea,Africa,49.991,3668440,582.8585102
1992,Ethiopia,Africa,48.091,52088559,421.3534653
1992,Finland,Europe,75.7,5041039,20647.16499
1992,France,Europe,77.46,57374179,24703.79615
1992,Gabon,Africa,61.366,985739,13522.15752
1992,Gambia,Africa,52.644,1025384,665.6244126
1992,Germany,Europe,76.07,80597764,26505.30317
1992,Ghana,Africa,57.501,16278738,925.060154
1992,Greece,Europe,77.03,10325429,17541.49634
1992,Guatemala,Americas,63.373,8486949,4439.45084
1992,Guinea,Africa,48.576,6990574,794.3484384
1992,Guinea-Bissau,Africa,43.266,1050938,745.5398706
1992,Haiti,Americas,55.089,6326682,1456.309517
1992,Honduras,Americas,66.399,5077347,3081.694603
1992,"Hong Kong, China",Asia,77.601,5829696,24757.60301
1992,Hungary,Europe,69.17,10348684,10535.62855
1992,Iceland,Europe,78.77,259012,25144.39201
1992,India,Asia,60.223,872000000,1164.406809
1992,Indonesia,Asia,62.681,184816000,2383.140898
1992,Iran,Asia,65.742,60397973,7235.653188
1992,Iraq,Asia,59.461,17861905,3745.640687
1992,Ireland,Europe,75.467,3557761,17558.81555
1992,Israel,Asia,76.93,4936550,18051.52254
1992,Italy,Europe,77.44,56840847,22013.64486
1992,Jamaica,Americas,71.766,2378618,7404.923685
1992,Japan,Asia,79.36,124329269,26824.89511
1992,Jordan,Asia,68.015,3867409,3431.593647
1992,Kenya,Africa,59.285,25020539,1341.921721
1992,"Korea, Dem. Rep.",Asia,69.978,20711375,3726.063507
1992,"Korea, Rep.",Asia,72.244,43805450,12104.27872
1992,Kuwait,Asia,75.19,1418095,34932.91959
1992,Lebanon,Asia,69.292,3219994,6890.806854
1992,Lesotho,Africa,59.685,1803195,977.4862725
1992,Liberia,Africa,40.802,1912974,636.6229191
1992,Libya,Africa,68.755,4364501,9640.138501
1992,Madagascar,Africa,52.214,12210395,1040.67619
1992,Malawi,Africa,49.42,10014249,563.2000145
1992,Malaysia,Asia,70.693,18319502,7277.912802
1992,Mali,Africa,48.388,8416215,739.014375
1992,Mauritania,Africa,58.333,2119465,1361.369784
1992,Mauritius,Africa,69.745,1096202,6058.253846
1992,Mexico,Americas,71.455,88111030,9472.384295
1992,Mongolia,Asia,61.271,2312802,1785.402016
1992,Montenegro,Europe,75.435,621621,7003.339037
1992,Morocco,Africa,65.393,25798239,2948.047252
1992,Mozambique,Africa,44.284,13160731,410.8968239
1992,Myanmar,Asia,59.32,40546538,347
1992,Namibia,Africa,61.999,1554253,3804.537999
1992,Nepal,Asia,55.727,20326209,897.7403604
1992,Netherlands,Europe,77.42,15174244,26790.94961
1992,New Zealand,Oceania,76.33,3437674,18363.32494
1992,Nicaragua,Americas,65.843,4017939,2170.151724
1992,Niger,Africa,47.391,8392818,581.182725
1992,Nigeria,Africa,47.472,93364244,1619.848217
1992,Norway,Europe,77.32,4286357,33965.66115
1992,Oman,Asia,71.197,1915208,18616.70691
1992,Pakistan,Asia,60.838,120065004,1971.829464
1992,Panama,Americas,72.462,2484997,6618.74305
1992,Paraguay,Americas,68.225,4483945,4196.411078
1992,Peru,Americas,66.458,22430449,4446.380924
1992,Philippines,Asia,66.458,67185766,2279.324017
1992,Poland,Europe,70.99,38370697,7738.881247
1992,Portugal,Europe,74.86,9927680,16207.26663
1992,Puerto Rico,Americas,73.911,3585176,14641.58711
1992,Reunion,Africa,73.615,622191,6101.255823
1992,Romania,Europe,69.36,22797027,6598.409903
1992,Rwanda,Africa,23.599,7290203,737.0685949
1992,Sao Tome and Principe,Africa,62.742,125911,1428.777814
1992,Saudi Arabia,Asia,68.768,16945857,24841.61777
1992,Senegal,Africa,58.196,8307920,1367.899369
1992,Serbia,Europe,71.659,9826397,9325.068238
1992,Sierra Leone,Africa,38.333,4260884,1068.696278
1992,Singapore,Asia,75.788,3235865,24769.8912
1992,Slovak Republic,Europe,71.38,5302888,9498.467723
1992,Slovenia,Europe,73.64,1999210,14214.71681
1992,Somalia,Africa,39.658,6099799,926.9602964
1992,South Africa,Africa,61.888,39964159,7225.069258
1992,Spain,Europe,77.57,39549438,18603.06452
1992,Sri Lanka,Asia,70.379,17587060,2153.739222
1992,Sudan,Africa,53.556,28227588,1492.197043
1992,Swaziland,Africa,58.474,962344,3553.0224
1992,Sweden,Europe,78.16,8718867,23880.01683
1992,Switzerland,Europe,78.03,6995447,31871.5303
1992,Syria,Asia,69.249,13219062,3340.542768
1992,Taiwan,Asia,74.26,20686918,15215.6579
1992,Tanzania,Africa,50.44,26605473,825.682454
1992,Thailand,Asia,67.298,56667095,4616.896545
1992,Togo,Africa,58.061,3747553,1034.298904
1992,Trinidad and Tobago,Americas,69.862,1183669,7370.990932
1992,Tunisia,Africa,70.001,8523077,4332.720164
1992,Turkey,Europe,66.146,58179144,5678.348271
1992,Uganda,Africa,48.825,18252190,644.1707969
1992,United Kingdom,Europe,76.42,57866349,22705.09254
1992,United States,Americas,76.09,256894189,32003.93224
1992,Uruguay,Americas,72.752,3149262,8137.004775
1992,Venezuela,Americas,71.15,20265563,10733.92631
1992,Vietnam,Asia,67.662,69940728,989.0231487
1992,West Bank and Gaza,Asia,69.718,2104779,6017.654756
1992,"Yemen, Rep.",Asia,55.599,13367997,1879.496673
1992,Zambia,Africa,46.1,8381163,1210.884633
1992,Zimbabwe,Africa,60.377,10704340,693.4207856
1997,Afghanistan,Asia,41.763,22227415,635.341351
1997,Albania,Europe,72.95,3428038,3193.054604
1997,Algeria,Africa,69.152,29072015,4797.295051
1997,Angola,Africa,40.963,9875024,2277.140884
1997,Argentina,Americas,73.275,36203463,10967.28195
1997,Australia,Oceania,78.83,18565243,26997.93657
1997,Austria,Europe,77.51,8069876,29095.92066
1997,Bahrain,Asia,73.925,598561,20292.01679
1997,Bangladesh,Asia,59.412,123315288,972.7700352
1997,Belgium,Europe,77.53,10199787,27561.19663
1997,Benin,Africa,54.777,6066080,1232.975292
1997,Bolivia,Americas,62.05,7693188,3326.143191
1997,Bosnia and Herzegovina,Europe,73.244,3607000,4766.355904
1997,Botswana,Africa,52.556,1536536,8647.142313
1997,Brazil,Americas,69.388,168546719,7957.980824
1997,Bulgaria,Europe,70.32,8066057,5970.38876
1997,Burkina Faso,Africa,50.324,10352843,946.2949618
1997,Burundi,Africa,45.326,6121610,463.1151478
1997,Cambodia,Asia,56.534,11782962,734.28517
1997,Cameroon,Africa,52.199,14195809,1694.337469
1997,Canada,Americas,78.61,30305843,28954.92589
1997,Central African Republic,Africa,46.066,3696513,740.5063317
1997,Chad,Africa,51.573,7562011,1004.961353
1997,Chile,Americas,75.816,14599929,10118.05318
1997,China,Asia,70.426,1230075000,2289.234136
1997,Colombia,Americas,70.313,37657830,6117.361746
1997,Comoros,Africa,60.66,527982,1173.618235
1997,"Congo, Dem. Rep.",Africa,42.587,47798986,312.188423
1997,"Congo, Rep.",Africa,52.962,2800947,3484.164376
1997,Costa Rica,Americas,77.26,3518107,6677.045314
1997,Cote d'Ivoire,Africa,47.991,14625967,1786.265407
1997,Croatia,Europe,73.68,4444595,9875.604515
1997,Cuba,Americas,76.151,10983007,5431.990415
1997,Czech Republic,Europe,74.01,10300707,16048.51424
1997,Denmark,Europe,76.11,5283663,29804.34567
1997,Djibouti,Africa,53.157,417908,1895.016984
1997,Dominican Republic,Americas,69.957,7992357,3614.101285
1997,Ecuador,Americas,72.312,11911819,7429.455877
1997,Egypt,Africa,67.217,66134291,4173.181797
1997,El Salvador,Americas,69.535,5783439,5154.825496
1997,Equatorial Guinea,Africa,48.245,439971,2814.480755
1997,Eritrea,Africa,53.378,4058319,913.47079
1997,Ethiopia,Africa,49.402,59861301,515.8894013
1997,Finland,Europe,77.13,5134406,23723.9502
1997,France,Europe,78.64,58623428,25889.78487
1997,Gabon,Africa,60.461,1126189,14722.84188
1997,Gambia,Africa,55.861,1235767,653.7301704
1997,Germany,Europe,77.34,82011073,27788.88416
1997,Ghana,Africa,58.556,18418288,1005.245812
1997,Greece,Europe,77.869,10502372,18747.69814
1997,Guatemala,Americas,66.322,9803875,4684.313807
1997,Guinea,Africa,51.455,8048834,869.4497668
1997,Guinea-Bissau,Africa,44.873,1193708,796.6644681
1997,Haiti,Americas,56.671,6913545,1341.726931
1997,Honduras,Americas,67.659,5867957,3160.454906
1997,"Hong Kong, China",Asia,80,6495918,28377.63219
1997,Hungary,Europe,71.04,10244684,11712.7768
1997,Iceland,Europe,78.95,271192,28061.09966
1997,India,Asia,61.765,959000000,1458.817442
1997,Indonesia,Asia,66.041,199278000,3119.335603
1997,Iran,Asia,68.042,63327987,8263.590301
1997,Iraq,Asia,58.811,20775703,3076.239795
1997,Ireland,Europe,76.122,3667233,24521.94713
1997,Israel,Asia,78.269,5531387,20896.60924
1997,Italy,Europe,78.82,57479469,24675.02446
1997,Jamaica,Americas,72.262,2531311,7121.924704
1997,Japan,Asia,80.69,125956499,28816.58499
1997,Jordan,Asia,69.772,4526235,3645.379572
1997,Kenya,Africa,54.407,28263827,1360.485021
1997,"Korea, Dem. Rep.",Asia,67.727,21585105,1690.756814
1997,"Korea, Rep.",Asia,74.647,46173816,15993.52796
1997,Kuwait,Asia,76.156,1765345,40300.619960000004
1997,Lebanon,Asia,70.265,3430388,8754.96385
1997,Lesotho,Africa,55.558,1982823,1186.147994
1997,Liberia,Africa,42.221,2200725,609.17395079999994
1997,Libya,Africa,71.555,4759670,9467.446056
1997,Madagascar,Africa,54.978,14165114,986.2958956
1997,Malawi,Africa,47.495,10419991,692.2758103
1997,Malaysia,Asia,71.938,20476091,10132.90964
1997,Mali,Africa,49.903,9384984,790.2579846
1997,Mauritania,Africa,60.43,2444741,1483.136136
1997,Mauritius,Africa,70.736,1149818,7425.705295
1997,Mexico,Americas,73.67,95895146,9767.29753
1997,Mongolia,Asia,63.625,2494803,1902.2521
1997,Montenegro,Europe,75.445,692651,6465.613349
1997,Morocco,Africa,67.66,28529501,2982.101858
1997,Mozambique,Africa,46.344,16603334,472.3460771
1997,Myanmar,Asia,60.328,43247867,415
1997,Namibia,Africa,58.909,1774766,3899.52426
1997,Nepal,Asia,59.426,23001113,1010.892138
1997,Netherlands,Europe,78.03,15604464,30246.13063
1997,New Zealand,Oceania,77.55,3676187,21050.41377
1997,Nicaragua,Americas,68.426,4609572,2253.023004
1997,Niger,Africa,51.313,9666252,580.3052092
1997,Nigeria,Africa,47.464,106207839,1624.941275
1997,Norway,Europe,78.32,4405672,41283.16433
1997,Oman,Asia,72.499,2283635,19702.05581
1997,Pakistan,Asia,61.818,135564834,2049.350521
1997,Panama,Americas,73.738,2734531,7113.692252
1997,Paraguay,Americas,69.4,5154123,4247.400261
1997,Peru,Americas,68.386,24748122,5838.347657
1997,Philippines,Asia,68.564,75012988,2536.534925
1997,Poland,Europe,72.75,38654957,10159.58368
1997,Portugal,Europe,75.97,10156415,17641.03156
1997,Puerto Rico,Americas,74.917,3759430,16999.4333
1997,Reunion,Africa,74.772,684810,6071.941411
1997,Romania,Europe,69.72,22562458,7346.547557
1997,Rwanda,Africa,36.087,7212583,589.9445051
1997,Sao Tome and Principe,Africa,63.306,145608,1339.076036
1997,Saudi Arabia,Asia,70.533,21229759,20586.69019
1997,Senegal,Africa,60.187,9535314,1392.368347
1997,Serbia,Europe,72.232,10336594,7914.320304
1997,Sierra Leone,Africa,39.897,4578212,574.6481576
1997,Singapore,Asia,77.158,3802309,33519.4766
1997,Slovak Republic,Europe,72.71,5383010,12126.23065
1997,Slovenia,Europe,75.13,2011612,17161.10735
1997,Somalia,Africa,43.795,6633514,930.5964284
1997,South Africa,Africa,60.236,42835005,7479.188244
1997,Spain,Europe,78.77,39855442,20445.29896
1997,Sri Lanka,Asia,70.457,18698655,2664.477257
1997,Sudan,Africa,55.373,32160729,1632.210764
1997,Swaziland,Africa,54.289,1054486,3876.76846
1997,Sweden,Europe,79.39,8897619,25266.59499
1997,Switzerland,Europe,79.37,7193761,32135.32301
1997,Syria,Asia,71.527,15081016,4014.238972
1997,Taiwan,Asia,75.25,21628605,20206.82098
1997,Tanzania,Africa,48.466,30686889,789.1862231
1997,Thailand,Asia,67.521,60216677,5852.625497
1997,Togo,Africa,58.39,4320890,982.2869243
1997,Trinidad and Tobago,Americas,69.465,1138101,8792.573126
1997,Tunisia,Africa,71.973,9231669,4876.798614
1997,Turkey,Europe,68.835,63047647,6601.429915
1997,Uganda,Africa,44.578,21210254,816.559081
1997,United Kingdom,Europe,77.218,58808266,26074.53136
1997,United States,Americas,76.81,272911760,35767.43303
1997,Uruguay,Americas,74.223,3262838,9230.240708
1997,Venezuela,Americas,72.146,22374398,10165.49518
1997,Vietnam,Asia,70.672,76048996,1385.896769
1997,West Bank and Gaza,Asia,71.096,2826046,7110.667619
1997,"Yemen, Rep.",Asia,58.02,15826497,2117.484526
1997,Zambia,Africa,40.238,9417789,1071.353818
1997,Zimbabwe,Africa,46.809,11404948,792.4499603
2002,Afghanistan,Asia,42.129,25268405,726.7340548
2002,Albania,Europe,75.651,3508512,4604.211737
2002,Algeria,Africa,70.994,31287142,5288.040382
2002,Angola,Africa,41.003,10866106,2773.287312
2002,Argentina,Americas,74.34,38331121,8797.640716
2002,Australia,Oceania,80.37,19546792,30687.75473
2002,Austria,Europe,78.98,8148312,32417.60769
2002,Bahrain,Asia,74.795,656397,23403.55927
2002,Bangladesh,Asia,62.013,135656790,1136.39043
2002,Belgium,Europe,78.32,10311970,30485.88375
2002,Benin,Africa,54.406,7026113,1372.877931
2002,Bolivia,Americas,63.883,8445134,3413.26269
2002,Bosnia and Herzegovina,Europe,74.09,4165416,6018.975239
2002,Botswana,Africa,46.634,1630347,11003.60508
2002,Brazil,Americas,71.006,179914212,8131.212843
2002,Bulgaria,Europe,72.14,7661799,7696.777725
2002,Burkina Faso,Africa,50.65,12251209,1037.645221
2002,Burundi,Africa,47.36,7021078,446.4035126
2002,Cambodia,Asia,56.752,12926707,896.2260153
2002,Cameroon,Africa,49.856,15929988,1934.011449
2002,Canada,Americas,79.77,31902268,33328.96507
2002,Central African Republic,Africa,43.308,4048013,738.6906068
2002,Chad,Africa,50.525,8835739,1156.18186
2002,Chile,Americas,77.86,15497046,10778.78385
2002,China,Asia,72.028,1280400000,3119.280896
2002,Colombia,Americas,71.682,41008227,5755.259962
2002,Comoros,Africa,62.974,614382,1075.811558
2002,"Congo, Dem. Rep.",Africa,44.966,55379852,241.1658765
2002,"Congo, Rep.",Africa,52.97,3328795,3484.06197
2002,Costa Rica,Americas,78.123,3834934,7723.447195
2002,Cote d'Ivoire,Africa,46.832,16252726,1648.800823
2002,Croatia,Europe,74.876,4481020,11628.38895
2002,Cuba,Americas,77.158,11226999,6340.646683
2002,Czech Republic,Europe,75.51,10256295,17596.21022
2002,Denmark,Europe,77.18,5374693,32166.50006
2002,Djibouti,Africa,53.373,447416,1908.260867
2002,Dominican Republic,Americas,70.847,8650322,4563.808154
2002,Ecuador,Americas,74.173,12921234,5773.044512
2002,Egypt,Africa,69.806,73312559,4754.604414
2002,El Salvador,Americas,70.734,6353681,5351.568666
2002,Equatorial Guinea,Africa,49.348,495627,7703.4959
2002,Eritrea,Africa,55.24,4414865,765.3500015
2002,Ethiopia,Africa,50.725,67946797,530.0535319
2002,Finland,Europe,78.37,5193039,28204.59057
2002,France,Europe,79.59,59925035,28926.03234
2002,Gabon,Africa,56.761,1299304,12521.71392
2002,Gambia,Africa,58.041,1457766,660.5855997
2002,Germany,Europe,78.67,82350671,30035.80198
2002,Ghana,Africa,58.453,20550751,1111.984578
2002,Greece,Europe,78.256,10603863,22514.2548
2002,Guatemala,Americas,68.978,11178650,4858.347495
2002,Guinea,Africa,53.676,8807818,945.5835837
2002,Guinea-Bissau,Africa,45.504,1332459,575.7047176
2002,Haiti,Americas,58.137,7607651,1270.364932
2002,Honduras,Americas,68.565,6677328,3099.72866
2002,"Hong Kong, China",Asia,81.495,6762476,30209.01516
2002,Hungary,Europe,72.59,10083313,14843.93556
2002,Iceland,Europe,80.5,288030,31163.20196
2002,India,Asia,62.879,1034172547,1746.769454
2002,Indonesia,Asia,68.588,211060000,2873.91287
2002,Iran,Asia,69.451,66907826,9240.761975
2002,Iraq,Asia,57.046,24001816,4390.717312
2002,Ireland,Europe,77.783,3879155,34077.04939
2002,Israel,Asia,79.696,6029529,21905.59514
2002,Italy,Europe,80.24,57926999,27968.09817
2002,Jamaica,Americas,72.047,2664659,6994.774861
2002,Japan,Asia,82,127065841,28604.5919
2002,Jordan,Asia,71.263,5307470,3844.917194
2002,Kenya,Africa,50.992,31386842,1287.514732
2002,"Korea, Dem. Rep.",Asia,66.662,22215365,1646.758151
2002,"Korea, Rep.",Asia,77.045,47969150,19233.98818
2002,Kuwait,Asia,76.904,2111561,35110.10566
2002,Lebanon,Asia,71.028,3677780,9313.93883
2002,Lesotho,Africa,44.593,2046772,1275.184575
2002,Liberia,Africa,43.753,2814651,531.4823679
2002,Libya,Africa,72.737,5368585,9534.677467
2002,Madagascar,Africa,57.286,16473477,894.6370822
2002,Malawi,Africa,45.009,11824495,665.4231186
2002,Malaysia,Asia,73.044,22662365,10206.97794
2002,Mali,Africa,51.818,10580176,951.4097518
2002,Mauritania,Africa,62.247,2828858,1579.019543
2002,Mauritius,Africa,71.954,1200206,9021.815894
2002,Mexico,Americas,74.902,102479927,10742.44053
2002,Mongolia,Asia,65.033,2674234,2140.739323
2002,Montenegro,Europe,73.981,720230,6557.194282
2002,Morocco,Africa,69.615,31167783,3258.495584
2002,Mozambique,Africa,44.026,18473780,633.6179466
2002,Myanmar,Asia,59.908,45598081,611
2002,Namibia,Africa,51.479,1972153,4072.324751
2002,Nepal,Asia,61.34,25873917,1057.206311
2002,Netherlands,Europe,78.53,16122830,33724.75778
2002,New Zealand,Oceania,79.11,3908037,23189.80135
2002,Nicaragua,Americas,70.836,5146848,2474.548819
2002,Niger,Africa,54.496,11140655,601.0745012
2002,Nigeria,Africa,46.608,119901274,1615.286395
2002,Norway,Europe,79.05,4535591,44683.97525
2002,Oman,Asia,74.193,2713462,19774.83687
2002,Pakistan,Asia,63.61,153403524,2092.712441
2002,Panama,Americas,74.712,2990875,7356.031934
2002,Paraguay,Americas,70.755,5884491,3783.674243
2002,Peru,Americas,69.906,26769436,5909.020073
2002,Philippines,Asia,70.303,82995088,2650.921068
2002,Poland,Europe,74.67,38625976,12002.23908
2002,Portugal,Europe,77.29,10433867,19970.90787
2002,Puerto Rico,Americas,77.778,3859606,18855.60618
2002,Reunion,Africa,75.744,743981,6316.1652
2002,Romania,Europe,71.322,22404337,7885.360081
2002,Rwanda,Africa,43.413,7852401,785.6537648
2002,Sao Tome and Principe,Africa,64.337,170372,1353.09239
2002,Saudi Arabia,Asia,71.626,24501530,19014.54118
2002,Senegal,Africa,61.6,10870037,1519.635262
2002,Serbia,Europe,73.213,10111559,7236.075251
2002,Sierra Leone,Africa,41.012,5359092,699.489713
2002,Singapore,Asia,78.77,4197776,36023.1054
2002,Slovak Republic,Europe,73.8,5410052,13638.77837
2002,Slovenia,Europe,76.66,2011497,20660.01936
2002,Somalia,Africa,45.936,7753310,882.0818218
2002,South Africa,Africa,53.365,44433622,7710.946444
2002,Spain,Europe,79.78,40152517,24835.47166
2002,Sri Lanka,Asia,70.815,19576783,3015.378833
2002,Sudan,Africa,56.369,37090298,1993.398314
2002,Swaziland,Africa,43.869,1130269,4128.116943
2002,Sweden,Europe,80.04,8954175,29341.63093
2002,Switzerland,Europe,80.62,7361757,34480.95771
2002,Syria,Asia,73.053,17155814,4090.925331
2002,Taiwan,Asia,76.99,22454239,23235.42329
2002,Tanzania,Africa,49.651,34593779,899.0742111
2002,Thailand,Asia,68.564,62806748,5913.187529
2002,Togo,Africa,57.561,4977378,886.2205765
2002,Trinidad and Tobago,Americas,68.976,1101832,11460.60023
2002,Tunisia,Africa,73.042,9770575,5722.895655
2002,Turkey,Europe,70.845,67308928,6508.085718
2002,Uganda,Africa,47.813,24739869,927.7210018
2002,United Kingdom,Europe,78.471,59912431,29478.99919
2002,United States,Americas,77.31,287675526,39097.09955
2002,Uruguay,Americas,75.307,3363085,7727.002004
2002,Venezuela,Americas,72.766,24287670,8605.047831
2002,Vietnam,Asia,73.017,80908147,1764.456677
2002,West Bank and Gaza,Asia,72.37,3389578,4515.487575
2002,"Yemen, Rep.",Asia,60.308,18701257,2234.820827
2002,Zambia,Africa,39.193,10595811,1071.613938
2002,Zimbabwe,Africa,39.989,11926563,672.0386227
2007,Afghanistan,Asia,43.828,31889923,974.5803384
2007,Albania,Europe,76.423,3600523,5937.029526
2007,Algeria,Africa,72.301,33333216,6223.367465
2007,Angola,Africa,42.731,12420476,4797.231267
2007,Argentina,Americas,75.32,40301927,12779.37964
2007,Australia,Oceania,81.235,20434176,34435.36744
2007,Austria,Europe,79.829,8199783,36126.4927
2007,Bahrain,Asia,75.635,708573,29796.04834
2007,Bangladesh,Asia,64.062,150448339,1391.253792
2007,Belgium,Europe,79.441,10392226,33692.60508
2007,Benin,Africa,56.728,8078314,1441.284873
2007,Bolivia,Americas,65.554,9119152,3822.137084
2007,Bosnia and Herzegovina,Europe,74.852,4552198,7446.298803
2007,Botswana,Africa,50.728,1639131,12569.85177
2007,Brazil,Americas,72.39,190010647,9065.800825
2007,Bulgaria,Europe,73.005,7322858,10680.79282
2007,Burkina Faso,Africa,52.295,14326203,1217.032994
2007,Burundi,Africa,49.58,8390505,430.0706916
2007,Cambodia,Asia,59.723,14131858,1713.778686
2007,Cameroon,Africa,50.43,17696293,2042.09524
2007,Canada,Americas,80.653,33390141,36319.23501
2007,Central African Republic,Africa,44.741,4369038,706.016537
2007,Chad,Africa,50.651,10238807,1704.063724
2007,Chile,Americas,78.553,16284741,13171.63885
2007,China,Asia,72.961,1318683096,4959.114854
2007,Colombia,Americas,72.889,44227550,7006.580419
2007,Comoros,Africa,65.152,710960,986.1478792
2007,"Congo, Dem. Rep.",Africa,46.462,64606759,277.5518587
2007,"Congo, Rep.",Africa,55.322,3800610,3632.557798
2007,Costa Rica,Americas,78.782,4133884,9645.06142
2007,Cote d'Ivoire,Africa,48.328,18013409,1544.750112
2007,Croatia,Europe,75.748,4493312,14619.22272
2007,Cuba,Americas,78.273,11416987,8948.102923
2007,Czech Republic,Europe,76.486,10228744,22833.30851
2007,Denmark,Europe,78.332,5468120,35278.41874
2007,Djibouti,Africa,54.791,496374,2082.481567
2007,Dominican Republic,Americas,72.235,9319622,6025.374752
2007,Ecuador,Americas,74.994,13755680,6873.262326
2007,Egypt,Africa,71.338,80264543,5581.180998
2007,El Salvador,Americas,71.878,6939688,5728.353514
2007,Equatorial Guinea,Africa,51.579,551201,12154.08975
2007,Eritrea,Africa,58.04,4906585,641.3695236
2007,Ethiopia,Africa,52.947,76511887,690.8055759
2007,Finland,Europe,79.313,5238460,33207.0844
2007,France,Europe,80.657,61083916,30470.0167
2007,Gabon,Africa,56.735,1454867,13206.48452
2007,Gambia,Africa,59.448,1688359,752.7497265
2007,Germany,Europe,79.406,82400996,32170.37442
2007,Ghana,Africa,60.022,22873338,1327.60891
2007,Greece,Europe,79.483,10706290,27538.41188
2007,Guatemala,Americas,70.259,12572928,5186.050003
2007,Guinea,Africa,56.007,9947814,942.6542111
2007,Guinea-Bissau,Africa,46.388,1472041,579.231743
2007,Haiti,Americas,60.916,8502814,1201.637154
2007,Honduras,Americas,70.198,7483763,3548.330846
2007,"Hong Kong, China",Asia,82.208,6980412,39724.97867
2007,Hungary,Europe,73.338,9956108,18008.94444
2007,Iceland,Europe,81.757,301931,36180.78919
2007,India,Asia,64.698,1110396331,2452.210407
2007,Indonesia,Asia,70.65,223547000,3540.651564
2007,Iran,Asia,70.964,69453570,11605.71449
2007,Iraq,Asia,59.545,27499638,4471.061906
2007,Ireland,Europe,78.885,4109086,40675.99635
2007,Israel,Asia,80.745,6426679,25523.2771
2007,Italy,Europe,80.546,58147733,28569.7197
2007,Jamaica,Americas,72.567,2780132,7320.880262
2007,Japan,Asia,82.603,127467972,31656.06806
2007,Jordan,Asia,72.535,6053193,4519.461171
2007,Kenya,Africa,54.11,35610177,1463.249282
2007,"Korea, Dem. Rep.",Asia,67.297,23301725,1593.06548
2007,"Korea, Rep.",Asia,78.623,49044790,23348.13973
2007,Kuwait,Asia,77.588,2505559,47306.98978
2007,Lebanon,Asia,71.993,3921278,10461.05868
2007,Lesotho,Africa,42.592,2012649,1569.331442
2007,Liberia,Africa,45.678,3193942,414.5073415
2007,Libya,Africa,73.952,6036914,12057.49928
2007,Madagascar,Africa,59.443,19167654,1044.770126
2007,Malawi,Africa,48.303,13327079,759.3499101
2007,Malaysia,Asia,74.241,24821286,12451.6558
2007,Mali,Africa,54.467,12031795,1042.581557
2007,Mauritania,Africa,64.164,3270065,1803.151496
2007,Mauritius,Africa,72.801,1250882,10956.99112
2007,Mexico,Americas,76.195,108700891,11977.57496
2007,Mongolia,Asia,66.803,2874127,3095.772271
2007,Montenegro,Europe,74.543,684736,9253.896111
2007,Morocco,Africa,71.164,33757175,3820.17523
2007,Mozambique,Africa,42.082,19951656,823.6856205
2007,Myanmar,Asia,62.069,47761980,944
2007,Namibia,Africa,52.906,2055080,4811.060429
2007,Nepal,Asia,63.785,28901790,1091.359778
2007,Netherlands,Europe,79.762,16570613,36797.93332
2007,New Zealand,Oceania,80.204,4115771,25185.00911
2007,Nicaragua,Americas,72.899,5675356,2749.320965
2007,Niger,Africa,56.867,12894865,619.6768924
2007,Nigeria,Africa,46.859,135031164,2013.977305
2007,Norway,Europe,80.196,4627926,49357.19017
2007,Oman,Asia,75.64,3204897,22316.19287
2007,Pakistan,Asia,65.483,169270617,2605.94758
2007,Panama,Americas,75.537,3242173,9809.185636
2007,Paraguay,Americas,71.752,6667147,4172.838464
2007,Peru,Americas,71.421,28674757,7408.905561
2007,Philippines,Asia,71.688,91077287,3190.481016
2007,Poland,Europe,75.563,38518241,15389.92468
2007,Portugal,Europe,78.098,10642836,20509.64777
2007,Puerto Rico,Americas,78.746,3942491,19328.70901
2007,Reunion,Africa,76.442,798094,7670.122558
2007,Romania,Europe,72.476,22276056,10808.47561
2007,Rwanda,Africa,46.242,8860588,863.0884639
2007,Sao Tome and Principe,Africa,65.528,199579,1598.435089
2007,Saudi Arabia,Asia,72.777,27601038,21654.83194
2007,Senegal,Africa,63.062,12267493,1712.472136
2007,Serbia,Europe,74.002,10150265,9786.534714
2007,Sierra Leone,Africa,42.568,6144562,862.5407561
2007,Singapore,Asia,79.972,4553009,47143.17964
2007,Slovak Republic,Europe,74.663,5447502,18678.31435
2007,Slovenia,Europe,77.926,2009245,25768.25759
2007,Somalia,Africa,48.159,9118773,926.1410683
2007,South Africa,Africa,49.339,43997828,9269.657808
2007,Spain,Europe,80.941,40448191,28821.0637
2007,Sri Lanka,Asia,72.396,20378239,3970.095407
2007,Sudan,Africa,58.556,42292929,2602.394995
2007,Swaziland,Africa,39.613,1133066,4513.480643
2007,Sweden,Europe,80.884,9031088,33859.74835
2007,Switzerland,Europe,81.701,7554661,37506.41907
2007,Syria,Asia,74.143,19314747,4184.548089
2007,Taiwan,Asia,78.4,23174294,28718.27684
2007,Tanzania,Africa,52.517,38139640,1107.482182
2007,Thailand,Asia,70.616,65068149,7458.396327
2007,Togo,Africa,58.42,5701579,882.9699438
2007,Trinidad and Tobago,Americas,69.819,1056608,18008.50924
2007,Tunisia,Africa,73.923,10276158,7092.923025
2007,Turkey,Europe,71.777,71158647,8458.276384
2007,Uganda,Africa,51.542,29170398,1056.380121
2007,United Kingdom,Europe,79.425,60776238,33203.26128
2007,United States,Americas,78.242,301139947,42951.65309
2007,Uruguay,Americas,76.384,3447496,10611.46299
2007,Venezuela,Americas,73.747,26084662,11415.80569
2007,Vietnam,Asia,74.249,85262356,2441.576404
2007,West Bank and Gaza,Asia,73.422,4018332,3025.349798
2007,"Yemen, Rep.",Asia,62.698,22211743,2280.769906
2007,Zambia,Africa,42.384,11746035,1271.211593
2007,Zimbabwe,Africa,43.487,12311143,469.7092981
